W 44 x 335,98.3,44,1.02,16,1.77,38-3/4,2.56,1.3125,335,05/01/2002,4.12,1.56,31100,1410,17.8,1200,151,3.5,1620,236,74.4,536000,168,1190,279,805
W 44 x 290,85.8,43.6,0.87,15.8,1.58,38-3/4,2.37,1.25,290,05/01/2002,4.1,1.74,27100,1240,17.8,1050,132,3.49,1420,206,51.5,464000,166,1040,248,704
W 44 x 285,83.8,44.02,1.024,11.811,1.772,38-5/8,2.6875,1.375,285,05/01/2002,2.95,2.1,24600,1120,17.1,490,83,2.42,1310,135,60,219000,125,653,204,657
W 44 x 262,77.2,43.3,0.79,15.8,1.42,38-3/4,2.21,1.1875,262,05/01/2002,4.07,1.94,24200,1120,17.7,927,118,3.46,1270,183,37.7,407000,165,922,222,630
W 44 x 248,72.8,43.62,0.865,11.811,1.575,38-5/8,2.5,1.3125,248,05/01/2002,2.96,2.34,21400,983,17.2,435,74,2.44,1150,118,40.7,192000,124,577,184,574
W 44 x 230,67.7,42.9,0.71,15.8,1.22,38-3/4,2.01,1.1875,230,05/01/2002,4.05,2.23,20800,971,17.5,796,101,3.43,1100,157,24.9,346000,164,789,191,546
W 44 x 224,65.8,43.31,0.787,11.811,1.416,38-5/8,2.3125,1.3125,224,05/01/2002,2.96,2.59,19200,889,17.1,391,66,2.44,1030,105,30,172000,124,517,166,517
W 44 x 198,58,42.91,0.709,11.811,1.22,38-5/8,2.125,1.25,198,05/01/2002,2.94,2.98,16700,776,16.9,336,57,2.41,902,90,20.1,146000,123,443,144,450
W 40 x 655,192,43.62,1.97,16.87,3.54,33-3/4,4.9375,2.25,655,05/01/2002,4.43,0.73,56500,2590,17.2,2860,339,3.86,3060,541,596,1140000,169,2520,534,1530
W 40 x 593,174,43,1.79,16.7,3.23,34,4.41,2.125,593,05/01/2002,4.38,0.8,50400,2340,17,2520,302,3.8,2760,481,445,996000,166,2240,478,1370
W 40 x 531,156,42.34,1.61,16.51,2.91,33-3/4,4.3125,2,531,05/01/2002,4.33,0.88,44300,2090,16.9,2200,266,3.75,2450,422,329,848000,163,1950,433,1230
W 40 x 503,148,42.1,1.54,16.4,2.76,34,3.94,2,503,05/01/2002,4.3,0.93,41700,1980,16.8,2050,250,3.72,2320,395,279,791000,161,1830,403,1150
W 40 x 480,140,41.81,1.46,16.36,2.64,33-3/4,4,2,480,05/01/2002,4.28,0.97,39500,1890,16.8,1940,237,3.72,2180,374,245,739000,160,1730,391,1090
W 40 x 466,137,42.44,1.67,12.64,2.95,34-3/16,4.125,2,466,05/01/2002,3.22,1.14,36300,1710,16.3,1010,160,2.72,2050,262,277,393000,125,1160,322,1030
W 40 x 436,128,41.34,1.34,16.24,2.4,33-3/4,3.8125,1.9375,436,05/01/2002,4.24,1.06,35400,1710,16.6,1720,212,3.67,1980,334,186,649000,158,1540,354,992
W 40 x 431,127,41.3,1.34,16.2,2.36,34,3.54,1.875,431,05/01/2002,4.23,1.08,34800,1690,16.6,1690,208,3.65,1960,328,177,639000,158,1510,342,968
W 40 x 397,117,41,1.22,16.1,2.2,34,3.38,1.8125,397,05/01/2002,4.21,1.15,32000,1560,16.6,1540,191,3.64,1800,300,142,578000,156,1380,318,891
W 40 x 392,115,41.6,1.42,12.4,2.52,34,3.7,1.9375,392,05/01/2002,3.14,1.33,29900,1440,16.1,803,130,2.64,1710,212,172,306000,121,940,269,845
W 40 x 372,109,40.6,1.16,16.1,2.05,34,3.23,1.8125,372,05/01/2002,4.18,1.23,29600,1460,16.5,1420,177,3.6,1680,278,116,528000,155,1270,295,829
W 40 x 362,107,40.6,1.12,16,2.01,34,3.19,1.75,362,05/01/2002,4.17,1.26,28900,1420,16.5,1380,173,3.6,1640,270,109,512000,154,1240,289,807
W 40 x 331,97.5,40.8,1.22,12.2,2.13,34,3.31,1.8125,331,05/01/2002,3.08,1.57,24700,1210,15.9,644,106,2.57,1430,172,106,241000,118,760,225,704
W 40 x 328,96.4,40,0.91,17.91,1.73,33-3/4,3.125,1.6875,328,05/01/2002,4.73,1.29,26800,1340,16.7,1660,185,4.15,1510,286,74.2,607000,171,1330,287,755
W 40 x 327,96,40.8,1.18,12.1,2.13,34,3.31,1.8125,327,05/01/2002,3.09,1.58,24500,1200,16,640,105,2.58,1410,170,103,239000,117,757,225,696
W 40 x 324,95.3,40.2,1,15.9,1.81,34,2.99,1.6875,324,05/01/2002,4.14,1.4,25600,1280,16.4,1220,153,3.58,1460,239,79.4,449000,153,1100,259,719
W 40 x 321,94.1,40.08,1,15.91,1.77,34-3/16,2.9375,1.6875,321,05/01/2002,4.13,1.42,25100,1250,16.3,1190,150,3.56,1420,234,79.4,446000,152,1100,264,730
W 40 x 298,87.6,39.69,0.83,17.83,1.575,33-3/4,3,1.625,298,05/01/2002,4.7,1.41,24200,1220,16.6,1490,167,4.12,1370,257,56.3,540000,170,1190,261,684
W 40 x 297,87.4,39.8,0.93,15.8,1.65,34,2.83,1.6875,297,05/01/2002,4.11,1.53,23200,1170,16.3,1090,138,3.54,1330,215,61.2,397000,151,986,235,654
W 40 x 278,81.8,40.2,1.02,12,1.81,34,2.99,1.75,278,05/01/2002,3.02,1.85,20500,1020,15.8,521,87.1,2.52,1190,140,64.7,192000,115,622,190,586
W 40 x 277,81.4,39.7,0.83,15.8,1.58,34,2.76,1.625,277,05/01/2002,4.13,1.59,21900,1100,16.4,1040,132,3.58,1250,204,51.5,378000,151,940,225,614
W 40 x 268,78.8,39.37,0.75,17.75,1.415,33-3/4,2.8125,1.5625,268,05/01/2002,4.67,1.57,21500,1090,16.5,1320,149,4.09,1220,229,41.1,475000,168,1060,234,612
W 40 x 264,77.6,40,0.96,11.9,1.73,34,2.91,1.6875,264,05/01/2002,3.01,1.94,19400,971,15.8,493,82.6,2.52,1130,132,56.1,181000,114,589,182,555
W 40 x 249,73.3,39.4,0.75,15.8,1.42,34,2.6,1.5625,249,05/01/2002,4.1,1.76,19600,993,16.3,926,118,3.55,1120,182,38.1,334000,149,836,202,550
W 40 x 244,71.7,39.06,0.71,17.71,1.26,33-3/4,2.625,1.5625,244,05/01/2002,4.63,1.75,19200,983,16.4,1170,132,4.04,1100,203,30.4,417000,167,934,208,550
W 40 x 235,69,39.7,0.83,11.9,1.58,34,2.76,1.625,235,05/01/2002,3.01,2.12,17400,875,15.9,444,74.6,2.54,1010,118,41.3,161000,113,530,166,495
W 40 x 221,64.8,38.67,0.71,17.71,1.065,33-3/4,2.4375,1.5625,221,05/01/2002,4.56,2.05,16600,858,16,988,112,3.9,967,172,21.2,349000,166,785,176,483
W 40 x 215,63.4,39,0.65,15.8,1.22,34,2.4,1.5625,215,05/01/2002,4.09,2.03,16700,859,16.2,796,101,3.54,964,156,24.8,284000,149,714,174,471
W 40 x 211,62,39.4,0.75,11.8,1.42,34,2.6,1.5625,211,05/01/2002,2.98,2.36,15500,786,15.8,390,66.1,2.51,906,105,30.4,140000,112,468,148,442
W 40 x 199,58.5,38.7,0.65,15.8,1.07,34,2.25,1.5625,199,05/01/2002,4.04,2.31,14900,770,16,695,88.2,3.45,869,137,18.3,246000,148,621,151,424
W 40 x 192,56.5,38.2,0.71,17.71,0.83,33-3/4,2.25,1.5625,192,05/01/2002,4.43,2.6,13500,708,15.5,770,87,3.69,807,135,13.7,268000,165,608,137,404
W 40 x 183,53.8,39,0.65,11.8,1.22,34,2.4,1.5625,183,05/01/2002,2.98,2.71,13300,683,15.7,336,56.9,2.5,783,89.6,20,120000,111,402,129,381
W 40 x 174,51.1,38.2,0.65,15.75,0.83,34-3/16,2,1.5,174,05/01/2002,3.92,2.92,12200,639,15.5,541,68.8,3.26,715,107,11.2,189000,147,481,119,364
W 40 x 167,49.2,38.6,0.65,11.8,1.02,34,2.21,1.5625,167,05/01/2002,2.91,3.19,11600,600,15.3,283,47.9,2.4,693,76,14,99800,111,336,107,336
W 40 x 149,43.8,38.2,0.63,11.8,0.83,34,2.01,1.5,149,05/01/2002,2.84,3.9,9800,513,15,229,38.8,2.29,598,62.2,9.36,80000,110,270,86.7,288
W 36 x 848,249,42.45,2.52,18.13,4.53,31/01/2008,5.6875,2.25,848,05/01/2002,4.84,0.52,67400,3170,16.4,4550,501,4.27,3830,799,1270,1620000,172,3530,674,1910
W 36 x 798,235,42,2.38,18,4.29,30/07/2008,5.24,2.375,798,05/01/2002,4.8,0.54,62600,2980,16.3,4200,467,4.23,3580,743,1050,1490000,169,3270,631,1790
W 36 x 720,211,41.19,2.165,17.775,3.9,31/01/2008,5.0625,2.0625,720,05/01/2002,4.73,0.59,55300,2690,16.2,3680,414,4.18,3190,656,804,1270000,166,2870,571,1590
W 36 x 650,191,40.5,1.97,17.6,3.54,30/07/2008,4.49,2.1875,650,05/01/2002,4.67,0.65,48900,2420,16,3230,367,4.11,2860,580,591,1100000,162,2520,510,1420
W 36 x 588,172,39.84,1.79,17.4,3.23,31/01/2008,4.375,1.875,588,05/01/2002,4.62,0.71,43500,2180,15.9,2850,328,4.07,2550,517,453,950000,159,2240,465,1280
W 36 x 527,155,39.2,1.61,17.2,2.91,30/07/2008,3.86,2,527,05/01/2002,4.57,0.78,38300,1950,15.7,2490,289,4.01,2280,454,327,820000,156,1960,412,1130
W 36 x 485,142,38.74,1.5,17.105,2.68,31/01/2008,3.8125,1.75,485,05/01/2002,4.53,0.85,34700,1790,15.6,2250,263,3.98,2070,412,260,727000,154,1770,380,1040
W 36 x 439,129,38.3,1.36,17,2.44,30/07/2008,3.39,1.875,439,05/01/2002,4.49,0.92,31000,1620,15.5,1990,235,3.93,1870,367,193,638000,152,1570,341,931
W 36 x 393,116,37.8,1.22,16.8,2.2,30/07/2008,3.15,1.8125,393,05/01/2002,4.45,1.02,27500,1450,15.4,1750,208,3.9,1670,325,141,554000,150,1390,306,829
W 36 x 359,105,37.4,1.12,16.7,2.01,30/07/2008,2.96,1.75,359,05/01/2002,4.42,1.11,24800,1320,15.3,1570,188,3.86,1510,292,108,492000,148,1240,278,751
W 36 x 328,96.4,37.1,1.02,16.6,1.85,30/07/2008,2.8,1.75,328,05/01/2002,4.39,1.21,22500,1210,15.3,1420,171,3.84,1380,265,84.1,441000,147,1130,254,684
W 36 x 300,88.3,36.7,0.945,16.7,1.68,30/07/2008,2.63,1.6875,300,05/01/2002,4.39,1.31,20300,1110,15.2,1300,156,3.83,1260,241,64.2,399000,146,1020,231,622
W 36 x 280,82.4,36.5,0.885,16.6,1.57,30/07/2008,2.52,1.625,280,05/01/2002,4.37,1.4,18900,1030,15.1,1200,144,3.81,1170,223,52.6,366000,145,944,216,579
W 36 x 260,76.5,36.3,0.84,16.6,1.44,30/07/2008,2.39,1.625,260,05/01/2002,4.34,1.52,17300,953,15,1090,132,3.78,1080,204,41.5,330000,144,858,197,532
W 36 x 256,75.4,37.4,0.96,12.2,1.73,32-1/8,2.48,1.3125,256,05/01/2002,3.14,1.77,16800,895,14.9,528,86.5,2.65,1040,137,52.9,168000,109,576,174,516
W 36 x 245,72.1,36.1,0.8,16.5,1.35,30/07/2008,2.3,1.625,245,05/01/2002,4.32,1.62,16100,895,15,1010,123,3.75,1010,190,34.6,305000,143,799,184,498
W 36 x 232,68.1,37.1,0.87,12.1,1.57,32-1/8,2.32,1.25,232,05/01/2002,3.11,1.95,15000,809,14.8,468,77.2,2.62,936,122,39.6,148000,108,512,157,464
W 36 x 230,67.6,35.9,0.76,16.5,1.26,30/07/2008,2.21,1.5625,230,05/01/2002,4.3,1.73,15000,837,14.9,940,114,3.73,943,176,28.6,282000,143,740,171,465
W 36 x 210,61.8,36.7,0.83,12.2,1.36,32-1/8,2.11,1.25,210,05/01/2002,3.09,2.21,13200,719,14.6,411,67.5,2.58,833,107,28,128000,108,446,136,412
W 36 x 194,57,36.5,0.765,12.1,1.26,32-1/8,2.01,1.1875,194,05/01/2002,3.07,2.39,12100,664,14.6,375,61.9,2.56,767,97.7,22.2,116000,107,407,126,379
W 36 x 182,53.6,36.3,0.725,12.1,1.18,32-1/8,1.93,1.1875,182,05/01/2002,3.05,2.55,11300,623,14.5,347,57.6,2.55,718,90.7,18.5,107000,106,378,118,355
W 36 x 170,50.1,36.2,0.68,12,1.1,32-1/8,1.85,1.1875,170,05/01/2002,3.04,2.73,10500,581,14.5,320,53.2,2.53,668,83.8,15.1,98400,105,349,109,330
W 36 x 160,47,36,0.65,12,1.02,32-1/8,1.77,1.125,160,05/01/2002,3.02,2.94,9760,542,14.4,295,49.1,2.5,624,77.3,12.4,90300,105,321,101,308
W 36 x 150,44.2,35.9,0.625,12,0.94,32-1/8,1.69,1.125,150,05/01/2002,2.99,3.18,9040,504,14.3,270,45.1,2.47,581,70.9,10.1,82300,105,294,93.1,287
W 36 x 135,39.7,35.6,0.6,12,0.79,32-1/8,1.54,1.125,135,05/01/2002,2.93,3.77,7800,439,14,225,37.7,2.38,509,59.7,7,68000,104,245,77.9,251
W 33 x 619,181,38.47,1.97,16.91,3.54,29/03/2004,4.375,1.75,619,05/01/2002,4.51,0.64,41800,2170,15.2,2870,340,3.98,2560,537,567,870000,148,2210,463,1280
W 33 x 567,166,37.91,1.81,16.75,3.27,29/03/2004,4.0625,1.6875,567,05/01/2002,4.46,0.69,37700,1990,15.1,2580,308,3.94,2330,485,444,768000,145,1990,425,1170
W 33 x 515,151,37.36,1.65,16.59,2.99,29/03/2004,3.8125,1.625,515,05/01/2002,4.42,0.75,33700,1810,14.9,2290,276,3.89,2110,433,338,672000,143,1770,385,1060
W 33 x 468,137,36.81,1.52,16.455,2.72,29/03/2004,3.5,1.5625,468,05/01/2002,4.37,0.82,30100,1630,14.8,2030,247,3.85,1890,387,256,587000,140,1570,348,947
W 33 x 424,124,36.34,1.38,16.315,2.48,29/03/2004,3.3125,1.4375,424,05/01/2002,4.33,0.9,26900,1480,14.7,1800,221,3.81,1700,345,193,514000,138,1400,315,852
W 33 x 387,114,36,1.26,16.2,2.28,29/03/2004,3.07,1.375,387,05/01/2002,4.3,0.97,24300,1350,14.6,1620,200,3.77,1560,312,148,459000,136,1260,287,777
W 33 x 354,104,35.6,1.16,16.1,2.09,29/05/2008,2.88,1.375,354,05/01/2002,4.27,1.06,22000,1240,14.5,1460,181,3.74,1420,282,115,409000,135,1130,261,706
W 33 x 318,93.6,35.2,1.04,16,1.89,29/05/2008,2.68,1.3125,318,05/01/2002,4.24,1.16,19500,1110,14.5,1290,161,3.71,1270,250,84.4,357000,133,1000,235,631
W 33 x 291,85.7,34.8,0.96,15.9,1.73,29/05/2008,2.52,1.3125,291,05/01/2002,4.21,1.27,17700,1020,14.4,1160,146,3.68,1160,226,65.1,318000,132,906,214,574
W 33 x 263,77.5,34.5,0.87,15.8,1.57,29/05/2008,2.36,1.25,263,05/01/2002,4.18,1.39,15900,919,14.3,1040,131,3.66,1040,202,48.7,282000,130,808,193,516
W 33 x 241,71,34.2,0.83,15.9,1.4,29/05/2008,2.19,1.25,241,05/01/2002,4.17,1.54,14200,831,14.1,933,118,3.62,940,182,36.2,251000,130,721,172,466
W 33 x 221,65.2,33.9,0.775,15.8,1.27,29/05/2008,2.06,1.1875,221,05/01/2002,4.15,1.68,12900,759,14.1,840,106,3.59,857,164,27.8,224000,129,650,156,424
W 33 x 201,59.2,33.7,0.715,15.7,1.15,29/05/2008,1.94,1.1875,201,05/01/2002,4.12,1.86,11600,686,14,749,95.2,3.56,773,147,20.8,198000,128,580,141,383
W 33 x 169,49.5,33.8,0.67,11.5,1.22,29/05/2008,1.92,1.1875,169,05/01/2002,2.95,2.41,9290,549,13.7,310,53.9,2.5,629,84.4,17.7,82400,93.7,329,108,311
W 33 x 152,44.8,33.5,0.635,11.6,1.06,29/05/2008,1.76,1.125,152,05/01/2002,2.94,2.74,8160,487,13.5,273,47.2,2.47,559,73.9,12.4,71800,93.8,286,93.5,276
W 33 x 141,41.6,33.3,0.605,11.5,0.96,29/05/2008,1.66,1.125,141,05/01/2002,2.92,3.01,7450,448,13.4,246,42.7,2.43,514,66.9,9.7,64300,93.3,258,84.8,254
W 33 x 130,38.3,33.1,0.58,11.5,0.855,29/05/2008,1.56,1.125,130,05/01/2002,2.88,3.36,6710,406,13.2,218,37.9,2.39,467,59.5,7.37,56600,92.8,228,75.3,230
W 33 x 118,34.7,32.9,0.55,11.5,0.74,29/05/2008,1.44,1.125,118,05/01/2002,2.84,3.87,5900,359,13,187,32.6,2.32,415,51.3,5.3,48200,92.2,196,64.9,204
W 30 x 581,170,35.39,1.97,16.2,3.54,26/03/2004,4.3125,1.6875,581,05/01/2002,4.34,0.62,33000,1870,13.9,2530,312,3.86,2210,492,537,636000,129,1850,402,1110
W 30 x 526,154,34.76,1.79,16.02,3.23,26/03/2004,4,1.625,526,05/01/2002,4.29,0.67,29300,1680,13.8,2230,278,3.8,1990,438,405,550000,126,1630,364,993
W 30 x 477,140,34.21,1.63,15.865,2.95,26/03/2004,3.75,1.5625,477,05/01/2002,4.24,0.73,26100,1530,13.7,1970,249,3.75,1790,390,307,480000,124,1450,329,896
W 30 x 433,127,33.66,1.5,15.725,2.68,26/03/2004,3.4375,1.5,433,05/01/2002,4.2,0.8,23200,1380,13.5,1750,222,3.71,1610,348,231,417000,122,1280,297,805
W 30 x 391,115,33.2,1.36,15.6,2.44,26/01/2002,3.23,1.5,391,05/01/2002,4.16,0.87,20700,1250,13.4,1550,198,3.67,1450,310,173,366000,120,1140,267,721
W 30 x 357,105,32.8,1.24,15.5,2.24,26/03/2004,3.03,1.375,357,05/01/2002,4.12,0.95,18700,1140,13.3,1390,179,3.64,1320,279,134,325000,118,1020,244,654
W 30 x 326,95.8,32.4,1.14,15.4,2.05,26/01/2002,2.84,1.375,326,05/01/2002,4.09,1.03,16800,1040,13.2,1240,162,3.6,1190,252,103,286000,117,919,221,592
W 30 x 292,85.9,32,1.02,15.3,1.85,26/01/2002,2.64,1.3125,292,05/01/2002,4.06,1.13,14900,930,13.2,1100,144,3.58,1060,223,75.2,250000,115,812,199,528
W 30 x 261,76.9,31.6,0.93,15.2,1.65,26/01/2002,2.44,1.3125,261,05/01/2002,4.02,1.26,13100,829,13.1,959,127,3.53,943,196,54.1,215000,114,710,176,468
W 30 x 235,69.2,31.3,0.83,15.1,1.5,26/01/2002,2.29,1.25,235,05/01/2002,4,1.39,11700,748,13,855,114,3.51,847,175,40.3,190000,112,633,159,420
W 30 x 211,62.2,30.9,0.775,15.1,1.32,26/01/2002,2.1,1.1875,211,05/01/2002,3.99,1.56,10300,665,12.9,757,100,3.49,751,155,28.4,166000,112,556,140,372
W 30 x 191,56.3,30.7,0.71,15,1.19,26/01/2002,1.97,1.1875,191,05/01/2002,3.97,1.72,9200,600,12.8,673,89.5,3.46,675,138,21,146000,111,494,125,334
W 30 x 173,51,30.4,0.655,15,1.07,26/01/2002,1.85,1.125,173,05/01/2002,3.94,1.91,8230,541,12.7,598,79.8,3.42,607,123,15.6,129000,110,439,112,300
W 30 x 148,43.5,30.7,0.65,10.5,1.18,26/01/2002,1.83,1.125,148,05/01/2002,2.7,2.48,6680,436,12.4,227,43.3,2.28,500,68,14.5,49400,77.3,239,85.5,247
W 30 x 132,38.9,30.3,0.615,10.5,1,26/01/2002,1.65,1.125,132,05/01/2002,2.68,2.87,5770,380,12.2,196,37.2,2.25,437,58.4,9.72,42100,77.3,204,72.8,216
W 30 x 124,36.5,30.2,0.585,10.5,0.93,26/01/2002,1.58,1.125,124,05/01/2002,2.66,3.09,5360,355,12.1,181,34.4,2.23,408,54,7.99,38700,76.9,188,67.5,202
W 30 x 116,34.2,30,0.565,10.5,0.85,26/01/2002,1.5,1.125,116,05/01/2002,2.64,3.36,4930,329,12,164,31.3,2.19,378,49.2,6.43,34900,76.5,171,61.5,187
W 30 x 108,31.7,29.8,0.545,10.5,0.76,26/01/2002,1.41,1.125,108,05/01/2002,2.61,3.75,4470,299,11.9,146,27.9,2.15,346,43.9,4.99,30800,76.1,152,54.8,170
W 30 x 99,29.1,29.7,0.52,10.5,0.67,26/01/2002,1.32,1.0625,99,05/01/2002,2.57,4.23,3990,269,11.7,128,24.5,2.1,312,38.6,3.77,26900,75.7,133,48.2,154
W 30 x 90,26.4,29.5,0.47,10.4,0.61,26/01/2002,1.26,1.0625,90,05/01/2002,2.56,4.65,3610,245,11.7,115,22.1,2.09,283,34.7,2.84,24000,75.2,119,43.8,139
W 27 x 539,159,32.5,1.97,15.3,3.54,23/05/2008,4.33,1.8125,539,05/01/2002,4.1,0.6,25600,1570,12.7,2110,277,3.65,1890,437,496,443000,111,1490,341,942
W 27 x 494,145,31.97,1.81,15.095,3.27,24,4,1.5625,494,05/01/2002,4.05,0.65,22900,1440,12.6,1890,250,3.61,1710,394,391,386000,108,1340,313,856
W 27 x 448,131,31.42,1.65,14.94,2.99,24,3.6875,1.5,448,05/01/2002,4.01,0.7,20400,1300,12.5,1670,224,3.57,1530,351,297,336000,106,1190,283,766
W 27 x 407,119,30.87,1.52,14.8,2.72,24,3.4375,1.4375,407,05/01/2002,3.96,0.77,18100,1170,12.3,1480,200,3.52,1380,313,225,291000,104,1050,255,688
W 27 x 368,108,30.4,1.38,14.7,2.48,23/05/2008,3.27,1.5,368,05/01/2002,3.93,0.84,16200,1060,12.2,1310,179,3.48,1240,279,170,255000,102,930,230,619
W 27 x 336,98.9,30,1.26,14.6,2.28,23/05/2008,3.07,1.4375,336,05/01/2002,3.89,0.9,14600,972,12.1,1180,162,3.45,1130,252,131,227000,101,836,210,562
W 27 x 307,90.4,29.6,1.16,14.4,2.09,23/05/2008,2.88,1.4375,307,05/01/2002,3.86,0.98,13100,887,12,1050,146,3.41,1030,227,101,199000,99.4,750,191,509
W 27 x 281,82.9,29.3,1.06,14.4,1.93,23/05/2008,2.72,1.375,281,05/01/2002,3.84,1.06,11900,814,12,953,133,3.39,936,206,79.5,178000,98.2,680,175,465
W 27 x 258,76,29,0.98,14.3,1.77,23/05/2008,2.56,1.3125,258,05/01/2002,3.81,1.15,10800,745,11.9,859,120,3.36,852,187,61.6,159000,97.1,613,160,423
W 27 x 235,69.4,28.7,0.91,14.2,1.61,23/05/2008,2.4,1.3125,235,05/01/2002,3.78,1.25,9700,677,11.8,769,108,3.33,772,168,47,141000,96,548,145,383
W 27 x 217,64,28.4,0.83,14.1,1.5,23/05/2008,2.29,1.25,217,05/01/2002,3.76,1.34,8910,627,11.8,704,99.8,3.32,711,154,37.6,128000,95,503,134,352
W 27 x 194,57.2,28.1,0.75,14,1.34,23/05/2008,2.13,1.1875,194,05/01/2002,3.74,1.49,7860,559,11.7,619,88.1,3.29,631,136,27.1,111000,93.9,442,119,312
W 27 x 178,52.5,27.8,0.725,14.1,1.19,23/05/2008,1.98,1.1875,178,05/01/2002,3.72,1.66,7020,505,11.6,555,78.8,3.25,570,122,20.1,98300,93.7,393,106,282
W 27 x 161,47.6,27.6,0.66,14,1.08,23/05/2008,1.87,1.1875,161,05/01/2002,3.7,1.82,6310,458,11.5,497,70.9,3.23,515,109,15.1,87300,92.9,352,95.6,254
W 27 x 146,43.1,27.4,0.605,14,0.975,23/05/2008,1.76,1.125,146,05/01/2002,3.68,2.01,5660,414,11.5,443,63.5,3.2,464,97.7,11.3,77200,92.2,314,86,229
W 27 x 129,37.8,27.6,0.61,10,1.1,23/05/2008,1.7,1.125,129,05/01/2002,2.59,2.51,4760,345,11.2,184,36.8,2.21,395,57.6,11.1,32400,66.4,183,68.6,195
W 27 x 114,33.5,27.3,0.57,10.1,0.93,23/05/2008,1.53,1.125,114,05/01/2002,2.58,2.91,4080,299,11,159,31.5,2.18,343,49.3,7.33,27600,66.4,155,58.2,170
W 27 x 102,30,27.1,0.515,10,0.83,23/05/2008,1.43,1.0625,102,05/01/2002,2.56,3.26,3620,267,11,139,27.8,2.15,305,43.4,5.28,24000,65.7,137,51.8,151
W 27 x 94,27.7,26.9,0.49,9.99,0.745,23/05/2008,1.34,1.0625,94,05/01/2002,2.53,3.62,3270,243,10.9,124,24.8,2.12,278,38.8,4.03,21200,65.4,122,46.3,137
W 27 x 84,24.8,26.7,0.46,9.96,0.64,23/05/2008,1.24,1.0625,84,05/01/2002,2.49,4.19,2850,213,10.7,106,21.2,2.07,244,33.2,2.81,18000,64.9,103,39.6,120
W 24 x 492,144,29.65,1.97,14.115,3.54,21,4.3125,1.5625,492,05/01/2002,3.8,0.59,19100,1290,11.5,1670,237,3.41,1550,375,456,283000,92.1,1150,281,774
W 24 x 450,132,29.09,1.81,13.955,3.27,21,4.0625,1.5,450,05/01/2002,3.76,0.64,17100,1170,11.4,1490,214,3.36,1410,337,357,247000,90.1,1030,257,703
W 24 x 408,119,28.54,1.65,13.8,2.99,21,3.75,1.375,408,05/01/2002,3.71,0.69,15100,1060,11.3,1320,191,3.33,1250,300,271,214000,88.1,909,233,626
W 24 x 370,109,28,1.52,13.7,2.72,20/03/2004,3.22,1.5625,370,05/01/2002,3.67,0.75,13400,957,11.1,1160,170,3.27,1130,267,201,185000,86.3,802,209,566
W 24 x 335,98.4,27.5,1.38,13.5,2.48,20/03/2004,2.98,1.5,335,05/01/2002,3.63,0.82,11900,864,11,1030,152,3.23,1020,238,152,161000,84.6,709,188,508
W 24 x 306,89.8,27.1,1.26,13.4,2.28,20/03/2004,2.78,1.4375,306,05/01/2002,3.6,0.89,10700,789,10.9,919,137,3.2,922,214,117,142000,83.3,636,172,460
W 24 x 279,82,26.7,1.16,13.3,2.09,20/03/2004,2.59,1.4375,279,05/01/2002,3.57,0.96,9600,718,10.8,823,124,3.17,835,193,90.5,125000,82,570,156,416
W 24 x 250,73.5,26.3,1.04,13.2,1.89,20/03/2004,2.39,1.375,250,05/01/2002,3.53,1.06,8490,644,10.7,724,110,3.14,744,171,66.6,108000,80.6,502,140,371
W 24 x 229,67.2,26,0.96,13.1,1.73,20/03/2004,2.23,1.3125,229,05/01/2002,3.51,1.15,7650,588,10.7,651,99.4,3.11,675,154,51.3,96000,79.6,451,128,337
W 24 x 207,60.7,25.7,0.87,13,1.57,20/03/2004,2.07,1.25,207,05/01/2002,3.48,1.26,6820,531,10.6,578,88.8,3.08,606,137,38.3,84200,78.5,401,115,302
W 24 x 192,56.3,25.5,0.81,13,1.46,20/03/2004,1.96,1.25,192,05/01/2002,3.46,1.35,6260,491,10.5,530,81.8,3.07,559,126,30.8,76400,77.7,367,106,278
W 24 x 176,51.7,25.2,0.75,12.9,1.34,20/03/2004,1.84,1.1875,176,05/01/2002,3.44,1.46,5680,450,10.5,479,74.3,3.04,511,115,23.9,68400,77,333,97.2,254
W 24 x 162,47.7,25,0.705,13,1.22,20/03/2004,1.72,1.1875,162,05/01/2002,3.45,1.58,5170,414,10.4,443,68.4,3.05,468,105,18.5,62600,77,304,88.8,233
W 24 x 146,43,24.7,0.65,12.9,1.09,20/03/2004,1.59,1.125,146,05/01/2002,3.43,1.76,4580,371,10.3,391,60.5,3.01,418,93.2,13.4,54700,76.3,268,78.9,208
W 24 x 131,38.5,24.5,0.605,12.9,0.96,20/03/2004,1.46,1.125,131,05/01/2002,3.4,1.98,4020,329,10.2,340,53,2.97,370,81.5,9.5,47000,75.6,233,69.1,184
W 24 x 117,34.4,24.3,0.55,12.8,0.85,20/03/2004,1.35,1.125,117,05/01/2002,3.37,2.23,3540,291,10.1,297,46.5,2.94,327,71.4,6.72,40700,74.9,204,60.9,162
W 24 x 104,30.6,24.1,0.5,12.8,0.75,20/03/2004,1.25,1.0625,104,05/01/2002,3.35,2.52,3100,258,10.1,259,40.7,2.91,289,62.4,4.72,35200,74.3,178,53.5,143
W 24 x 103,30.3,24.5,0.55,9,0.98,20/03/2004,1.48,1.125,103,05/01/2002,2.33,2.78,3000,245,9.96,119,26.5,1.99,280,41.5,7.07,16500,53,117,48.8,139
W 24 x 94,27.7,24.3,0.515,9.07,0.875,20/03/2004,1.38,1.0625,94,05/01/2002,2.33,3.06,2700,222,9.87,109,24,1.98,254,37.5,5.26,15000,53.1,105,43.8,126
W 24 x 84,24.7,24.1,0.47,9.02,0.77,20/03/2004,1.27,1.0625,84,05/01/2002,2.31,3.47,2370,196,9.79,94.4,20.9,1.95,224,32.6,3.7,12800,52.6,91,38.4,111
W 24 x 76,22.4,23.9,0.44,8.99,0.68,20/03/2004,1.18,1.0625,76,05/01/2002,2.29,3.91,2100,176,9.69,82.5,18.4,1.92,200,28.6,2.68,11100,52.2,80,33.8,99
W 24 x 68,20.1,23.7,0.415,8.97,0.585,20/03/2004,1.09,1.0625,68,05/01/2002,2.26,4.52,1830,154,9.55,70.4,15.7,1.87,177,24.5,1.87,9430,51.9,68,28.9,87.1
W 24 x 62,18.3,23.7,0.43,7.04,0.59,20/03/2004,1.19,1.0625,62,03/01/2002,1.71,5.72,1560,132,9.24,34.5,9.8,1.37,154,15.8,1.77,4620,40.7,42,22.6,75.4
W 24 x 55,16.3,23.6,0.395,7.01,0.505,20/03/2004,1.11,1,55,03/01/2002,1.68,6.66,1360,115,9.13,29.1,8.3,1.34,135,13.4,1.24,3870,40.4,36,19.2,65.9
W 21 x 402,118,26.02,1.73,13.405,3.13,18/01/2004,3.875,1.4375,402,05/01/2002,3.63,0.62,12200,937,10.2,1270,189,3.27,1130,296,297,165000,76.7,805,210,564
W 21 x 364,107,25.47,1.59,13.265,2.85,18/01/2004,3.625,1.375,364,05/01/2002,3.59,0.67,10800,846,10,1120,168,3.23,1010,263,225,142000,75,709,189,505
W 21 x 333,97.9,25,1.46,13.13,2.62,18/01/2004,3.375,1.3125,333,05/01/2002,3.55,0.73,9610,769,9.91,994,151,3.19,915,237,174,124000,73.5,632,172,457
W 21 x 300,88.2,24.53,1.32,12.99,2.38,18/01/2004,3.125,1.25,300,05/01/2002,3.51,0.78,8480,692,9.81,873,134,3.15,816,210,130,107000,71.9,556,154,408
W 21 x 275,80.8,24.13,1.22,12.89,2.19,18/01/2004,3,1.1875,275,05/01/2002,3.48,0.85,7620,632,9.71,785,122,3.12,741,189,101,94100,70.7,499,141,370
W 21 x 248,72.8,23.74,1.1,12.775,1.99,18/01/2004,2.75,1.125,248,05/01/2002,3.45,0.94,6760,569,9.63,694,109,3.09,663,169,75.2,81800,69.5,441,127,331
W 21 x 223,65.4,23.35,1,12.675,1.79,18/01/2004,2.5625,1.0625,223,05/01/2002,3.41,1.02,5950,510,9.54,609,96.1,3.05,589,149,54.9,70600,68.3,388,113,295
W 21 x 201,59.2,23,0.91,12.6,1.63,18,2.13,1.3125,201,05/01/2002,3.38,1.12,5310,461,9.47,542,86.1,3.02,530,133,40.9,62100,67.3,345,102,264
W 21 x 182,53.6,22.7,0.83,12.5,1.48,18,1.98,1.25,182,05/01/2002,3.36,1.23,4730,417,9.4,483,77.2,3,476,119,30.7,54500,66.4,307,91.7,237
W 21 x 166,48.8,22.5,0.75,12.4,1.36,18,1.86,1.1875,166,05/01/2002,3.34,1.33,4280,380,9.36,435,70,2.99,432,108,23.6,48500,65.6,277,83.8,215
W 21 x 147,43.2,22.1,0.72,12.5,1.15,18,1.65,1.1875,147,05/01/2002,3.34,1.53,3630,329,9.17,376,60.1,2.95,373,92.6,15.4,41100,65.4,235,70.9,186
W 21 x 132,38.8,21.8,0.65,12.4,1.03,18,1.54,1.125,132,05/01/2002,3.31,1.7,3220,295,9.12,333,53.5,2.93,333,82.3,11.3,36000,64.7,208,63.4,166
W 21 x 122,35.9,21.7,0.6,12.4,0.96,18,1.46,1.125,122,05/01/2002,3.3,1.82,2960,273,9.09,305,49.2,2.92,307,75.6,8.98,32700,64.2,191,58.6,153
W 21 x 111,32.7,21.5,0.55,12.3,0.875,18,1.38,1.125,111,05/01/2002,3.28,1.99,2670,249,9.05,274,44.5,2.9,279,68.2,6.83,29200,63.7,172,53.2,138
W 21 x 101,29.8,21.4,0.5,12.3,0.8,18,1.3,1.0625,101,05/01/2002,3.27,2.17,2420,227,9.02,248,40.3,2.89,253,61.7,5.21,26200,63.2,155,48.5,125
W 21 x 93,27.3,21.6,0.58,8.42,0.93,18/03/2008,1.43,0.9375,93,05/01/2002,2.17,2.76,2070,192,8.7,92.9,22.1,1.84,221,34.7,6.03,9940,43.6,85,37.7,109
W 21 x 83,24.3,21.4,0.515,8.36,0.835,18/03/2008,1.34,0.875,83,05/01/2002,2.15,3.07,1830,171,8.67,81.4,19.5,1.83,196,30.5,4.34,8630,43,75,33.7,97
W 21 x 73,21.5,21.2,0.455,8.3,0.74,18/03/2008,1.24,0.875,73,05/01/2002,2.13,3.46,1600,151,8.64,70.6,17,1.81,172,26.6,3.02,7420,42.5,65,29.7,85.1
W 21 x 68,20,21.1,0.43,8.27,0.685,18/03/2008,1.19,0.875,68,05/01/2002,2.12,3.73,1480,140,8.6,64.7,15.7,1.8,160,24.4,2.45,6760,42.3,60,27.4,78.9
W 21 x 62,18.3,21,0.4,8.24,0.615,18/03/2008,1.12,0.8125,62,05/01/2002,2.1,4.14,1330,127,8.54,57.5,14,1.77,144,21.7,1.83,5970,42,53,24.6,71.1
W 21 x 57,16.7,21.1,0.405,6.56,0.65,18/03/2008,1.15,0.8125,57,03/01/2002,1.64,4.94,1170,111,8.36,30.6,9.35,1.35,129,14.8,1.77,3190,33.4,36,20.4,63.2
W 21 x 55,16.2,20.8,0.375,8.22,0.522,18/03/2008,1.02,0.8125,55,05/01/2002,2.09,4.85,1140,110,8.4,48.4,11.8,1.73,126,18.4,1.24,4980,41.7,45,20.8,61.8
W 21 x 50,14.7,20.8,0.38,6.53,0.535,18/03/2008,1.04,0.8125,50,03/01/2002,1.6,5.96,984,94.5,8.18,24.9,7.64,1.3,110,12.2,1.14,2560,33.1,29,16.7,54
W 21 x 48,14.1,20.6,0.35,8.14,0.43,18/03/2008,0.93,0.8125,48,05/01/2002,2.04,5.89,959,93,8.24,38.7,9.52,1.66,107,14.9,0.803,3940,41.1,36,16.9,52.4
W 21 x 44,13,20.7,0.35,6.5,0.45,18/03/2008,0.95,0.8125,44,03/01/2002,1.57,7.06,843,81.6,8.06,20.7,6.37,1.26,95.4,10.2,0.77,2110,32.8,24,14,46.6
W 18 x 311,91.5,22.32,1.52,12.005,2.74,15/01/2002,3.4375,1.1875,311,05/01/2002,3.26,0.68,6960,624,8.72,795,132,2.95,753,207,177,75700,58.8,483,141,376
W 18 x 283,83.2,21.85,1.4,11.89,2.5,15/01/2002,3.1875,1.1875,283,05/01/2002,3.23,0.74,6160,564,8.61,704,118,2.91,676,185,135,65600,57.5,427,127,338
W 18 x 258,75.9,21.46,1.28,11.77,2.3,15/01/2002,3,1.125,258,05/01/2002,3.19,0.79,5510,514,8.53,628,107,2.88,611,166,104,57400,56.4,382,116,306
W 18 x 234,68.8,21.06,1.16,11.65,2.11,15/01/2002,2.75,1,234,05/01/2002,3.16,0.86,4900,466,8.44,558,95.8,2.85,549,149,79.7,49900,55.2,339,105,274
W 18 x 211,62.1,20.67,1.06,11.555,1.91,15/01/2002,2.5625,1,211,05/01/2002,3.13,0.94,4330,419,8.35,493,85.3,2.82,490,132,59.3,43200,54.2,299,94.3,245
W 18 x 192,56.4,20.35,0.96,11.455,1.75,15/01/2002,2.4375,0.9375,192,05/01/2002,3.1,1.02,3870,380,8.28,440,76.8,2.79,442,119,45.2,37900,53.3,267,85.7,221
W 18 x 175,51.3,20,0.89,11.4,1.59,15/01/2008,1.99,1.25,175,05/01/2002,3.07,1.11,3450,344,8.2,391,68.8,2.76,398,106,33.8,33300,52.5,237,76.9,198
W 18 x 158,46.3,19.7,0.81,11.3,1.44,15/01/2008,1.84,1.25,158,05/01/2002,3.05,1.21,3060,310,8.12,347,61.4,2.74,356,94.8,25.2,29000,51.6,210,69,177
W 18 x 143,42.1,19.5,0.73,11.2,1.32,15/01/2008,1.72,1.1875,143,05/01/2002,3.03,1.32,2750,282,8.09,311,55.5,2.72,322,85.4,19.2,25700,51,189,62.9,160
W 18 x 130,38.2,19.3,0.67,11.2,1.2,15/01/2008,1.6,1.1875,130,05/01/2002,3.01,1.44,2460,256,8.03,278,49.9,2.7,290,76.7,14.5,22600,50.4,169,56.8,145
W 18 x 119,35.1,19,0.655,11.3,1.06,15/01/2008,1.46,1.1875,119,05/01/2002,3.02,1.59,2190,231,7.9,253,44.9,2.69,262,69.1,10.6,20300,50.4,151,50.4,130
W 18 x 106,31.1,18.7,0.59,11.2,0.94,15/01/2008,1.34,1.125,106,05/01/2002,3,1.78,1910,204,7.84,220,39.4,2.66,230,60.5,7.48,17400,49.8,131,44.4,115
W 18 x 97,28.5,18.6,0.535,11.1,0.87,15/01/2008,1.27,1.125,97,05/01/2002,2.99,1.92,1750,188,7.82,201,36.1,2.65,211,55.3,5.86,15800,49.4,120,40.9,105
W 18 x 86,25.3,18.4,0.48,11.1,0.77,15/01/2008,1.17,1.0625,86,05/01/2002,2.97,2.15,1530,166,7.77,175,31.6,2.63,186,48.4,4.1,13600,48.9,104,36,92.3
W 18 x 76,22.3,18.2,0.425,11,0.68,15/01/2008,1.08,1.0625,76,05/01/2002,2.95,2.43,1330,146,7.73,152,27.6,2.61,163,42.2,2.83,11700,48.4,91,31.6,80.9
W 18 x 71,20.8,18.5,0.495,7.64,0.81,15/01/2002,1.21,0.875,71,03/01/2002,1.98,2.99,1170,127,7.5,60.3,15.8,1.7,146,24.7,3.49,4700,33.7,52,25.5,72.2
W 18 x 65,19.1,18.4,0.45,7.59,0.75,15/01/2002,1.15,0.875,65,03/01/2002,1.97,3.22,1070,117,7.49,54.8,14.4,1.69,133,22.5,2.73,4240,33.4,48,23.6,66.1
W 18 x 60,17.6,18.2,0.415,7.56,0.695,15/01/2002,1.1,0.8125,60,03/01/2002,1.96,3.47,984,108,7.47,50.1,13.3,1.68,123,20.6,2.17,3860,33.1,44,21.8,60.8
W 18 x 55,16.2,18.1,0.39,7.53,0.63,15/01/2002,1.03,0.8125,55,03/01/2002,1.95,3.82,890,98.3,7.41,44.9,11.9,1.67,112,18.5,1.66,3430,32.9,39,19.7,55.3
W 18 x 50,14.7,18,0.355,7.5,0.57,15/01/2002,0.972,0.8125,50,03/01/2002,1.94,4.21,800,88.9,7.38,40.1,10.7,1.65,101,16.6,1.24,3040,32.6,35,17.7,49.8
W 18 x 46,13.5,18.1,0.36,6.06,0.605,15/01/2002,1.01,0.8125,46,03/01/2002,1.54,4.93,712,78.8,7.25,22.5,7.43,1.29,90.7,11.7,1.22,1710,26.4,24,15,44.8
W 18 x 40,11.8,17.9,0.315,6.02,0.525,15/01/2002,0.927,0.8125,40,03/01/2002,1.52,5.67,612,68.4,7.21,19.1,6.35,1.27,78.4,9.95,0.81,1440,26.1,21,13,38.6
W 18 x 35,10.3,17.7,0.3,6,0.425,15/01/2002,0.827,0.75,35,03/01/2002,1.49,6.94,510,57.6,7.04,15.3,5.12,1.22,66.5,8.06,0.506,1140,25.9,17,10.5,32.7
W 16 x 100,29.7,17,0.585,10.4,0.985,13/01/2004,1.69,1.125,100,05/01/2002,2.81,1.65,1500,177,7.1,186,35.7,2.5,200,55,8.21,11900,41.7,107,38.7,98.5
W 16 x 89,26.4,16.8,0.525,10.4,0.875,13/01/2004,1.58,1.0625,89,05/01/2002,2.79,1.85,1310,157,7.05,163,31.4,2.48,177,48.2,5.83,10300,41.1,93,34.2,86.8
W 16 x 77,22.9,16.5,0.455,10.3,0.76,13/01/2004,1.47,1.0625,77,05/01/2002,2.77,2.11,1120,136,7,138,26.9,2.46,152,41.2,3.86,8570,40.6,79,29.5,74.5
W 16 x 67,20,16.3,0.395,10.2,0.665,13/01/2004,1.37,1,67,05/01/2002,2.75,2.4,970,119,6.97,119,23.2,2.44,132,35.6,2.62,7300,40.1,68,25.6,64.4
W 16 x 57,16.8,16.4,0.43,7.12,0.715,13/05/2008,1.12,0.875,57,03/01/2002,1.86,3.23,758,92.2,6.72,43.1,12.1,1.6,105,18.9,2.22,2660,28,36,18.8,52.1
W 16 x 50,14.7,16.3,0.38,7.07,0.63,13/05/2008,1.03,0.8125,50,03/01/2002,1.84,3.65,659,81,6.68,37.2,10.5,1.59,92,16.3,1.52,2270,27.6,31,16.5,45.5
W 16 x 45,13.3,16.1,0.345,7.04,0.565,13/05/2008,0.967,0.8125,45,03/01/2002,1.83,4.06,586,72.7,6.65,32.8,9.34,1.57,82.3,14.5,1.11,1990,27.4,27,14.7,40.6
W 16 x 40,11.8,16,0.305,7,0.505,13/05/2008,0.907,0.8125,40,03/01/2002,1.82,4.53,518,64.7,6.63,28.9,8.25,1.57,73,12.7,0.794,1740,27.1,24,13.1,36
W 16 x 36,10.6,15.9,0.295,6.99,0.43,13/05/2008,0.832,0.75,36,03/01/2002,1.79,5.28,448,56.5,6.51,24.5,7,1.52,64,10.8,0.545,1460,26.9,20,11.1,31.5
W 16 x 31,9.13,15.9,0.275,5.53,0.44,13/05/2008,0.842,0.75,31,02/03/2004,1.39,6.53,375,47.2,6.41,12.4,4.49,1.17,54,7.03,0.461,739,21.3,13,8.92,26.5
W 16 x 26,7.68,15.7,0.25,5.5,0.345,13/05/2008,0.747,0.75,26,02/03/2004,1.36,8.27,301,38.4,6.26,9.6,3.49,1.12,44.2,5.48,0.262,565,21.1,10,6.95,21.6
W 14 x 808,237,22.8,3.74,18.6,5.12,10,5.72,3.0625,808,(3) 7-1/2 (3),5.15,0.24,16000,1400,8.2,5510,594,4.82,1830,927,1840,433000,82.2,1950,336,916
W 14 x 730,215,22.4,3.07,17.9,4.91,10,5.51,2.75,730,07/01/2002,4.99,0.26,14300,1280,8.17,4720,527,4.69,1660,816,1450,362000,78.3,1720,319,830
W 14 x 665,196,21.6,2.83,17.7,4.52,10,5.12,2.625,665,07/01/2002,4.92,0.27,12400,1150,7.98,4170,472,4.62,1480,730,1120,306000,75.5,1510,287,739
W 14 x 605,178,20.9,2.6,17.4,4.16,10,4.76,2.5,605,07/01/2002,4.85,0.29,10800,1040,7.8,3680,423,4.55,1320,652,869,258000,73,1320,258,659
W 14 x 550,162,20.2,2.38,17.2,3.82,10,4.42,2.375,550,07/01/2002,4.79,0.31,9430,931,7.63,3250,378,4.49,1180,583,669,219000,70.6,1160,232,587
W 14 x 500,147,19.6,2.19,17,3.5,10,4.1,2.3125,500,07/01/2002,4.73,0.33,8210,838,7.48,2880,339,4.43,1050,522,514,187000,68.5,1020,209,523
W 14 x 455,134,19,2.02,16.8,3.21,10,3.81,2.25,455,07/01/2002,4.68,0.35,7190,756,7.33,2560,304,4.38,936,468,395,160000,66.5,899,188,467
W 14 x 426,125,18.7,1.88,16.7,3.04,10,3.63,2.125,426,05/01/2002,4.64,0.37,6600,706,7.26,2360,283,4.34,869,434,331,144000,65.3,827,176,433
W 14 x 398,117,18.3,1.77,16.6,2.85,10,3.44,2.125,398,05/01/2002,4.61,0.39,6000,656,7.16,2170,262,4.31,801,402,273,129000,64.1,756,163,400
W 14 x 370,109,17.9,1.66,16.5,2.66,10,3.26,2.0625,370,05/01/2002,4.57,0.41,5440,607,7.07,1990,241,4.27,736,370,222,116000,62.9,689,150,367
W 14 x 342,101,17.5,1.54,16.4,2.47,10,3.07,2,342,05/01/2002,4.54,0.43,4900,558,6.98,1810,221,4.24,672,338,178,103000,61.6,623,138,335
W 14 x 311,91.4,17.1,1.41,16.2,2.26,10,2.86,1.9375,311,05/01/2002,4.5,0.47,4330,506,6.88,1610,199,4.2,603,304,136,88900,60.3,553,124,301
W 14 x 283,83.3,16.7,1.29,16.1,2.07,10,2.67,1.875,283,05/01/2002,4.46,0.5,3840,459,6.79,1440,179,4.17,542,274,104,77500,59.1,493,113,270
W 14 x 257,75.6,16.4,1.18,16,1.89,10,2.49,1.8125,257,05/01/2002,4.43,0.54,3400,415,6.71,1290,161,4.13,487,246,79.1,67700,57.9,438,101,242
W 14 x 233,68.5,16,1.07,15.9,1.72,10,2.32,1.75,233,05/01/2002,4.4,0.59,3010,375,6.63,1150,145,4.1,436,221,59.5,59000,56.9,389,91.3,217
W 14 x 211,62,15.7,0.98,15.8,1.56,10,2.16,1.6875,211,05/01/2002,4.37,0.64,2660,338,6.55,1030,130,4.07,390,198,44.6,51600,55.9,345,81.8,194
W 14 x 193,56.8,15.5,0.89,15.7,1.44,10,2.04,1.6875,193,05/01/2002,4.35,0.68,2400,310,6.5,931,119,4.05,355,180,34.8,45900,55.1,312,74.9,176
W 14 x 176,51.8,15.2,0.83,15.7,1.31,10,1.91,1.625,176,05/01/2002,4.32,0.74,2140,281,6.43,838,107,4.02,320,163,26.5,40500,54.4,279,67.5,159
W 14 x 159,46.7,15,0.745,15.6,1.19,10,1.79,1.5625,159,05/01/2002,4.3,0.81,1900,254,6.38,748,96.2,4,287,146,19.7,35600,53.7,248,60.8,142
W 14 x 145,42.7,14.8,0.68,15.5,1.09,10,1.69,1.5625,145,05/01/2002,4.28,0.87,1710,232,6.33,677,87.3,3.98,260,133,15.2,31700,53,224,55.3,129
W 14 x 132,38.8,14.7,0.645,14.7,1.03,10,1.63,1.5625,132,05/01/2002,4.05,0.97,1530,209,6.28,548,74.5,3.76,234,113,12.3,25500,50.2,190,49.4,116
W 14 x 120,35.3,14.5,0.59,14.7,0.94,10,1.54,1.5,120,05/01/2002,4.04,1.05,1380,190,6.24,495,67.5,3.74,212,102,9.37,22700,49.7,171,44.8,105
W 14 x 109,32,14.3,0.525,14.6,0.86,10,1.46,1.5,109,05/01/2002,4.02,1.14,1240,173,6.22,447,61.2,3.73,192,92.7,7.12,20200,49.1,154,40.7,94.9
W 14 x 99,29.1,14.2,0.485,14.6,0.78,10,1.38,1.4375,99,05/01/2002,4,1.25,1110,157,6.17,402,55.2,3.71,173,83.6,5.37,18000,48.7,138,36.7,85.6
W 14 x 90,26.5,14,0.44,14.5,0.71,10,1.31,1.4375,90,05/01/2002,3.99,1.36,999,143,6.14,362,49.9,3.7,157,75.6,4.06,16000,48.3,125,33.3,77.3
W 14 x 82,24,14.3,0.51,10.1,0.855,10/07/2008,1.45,1.0625,82,05/01/2002,2.74,1.65,881,123,6.05,148,29.3,2.48,139,44.8,5.07,6700,34.1,74,27.7,68.4
W 14 x 74,21.8,14.2,0.45,10.1,0.785,10/07/2008,1.38,1.0625,74,05/01/2002,2.72,1.79,795,112,6.04,134,26.6,2.48,126,40.5,3.87,6000,33.7,67,25.3,61.8
W 14 x 68,20,14,0.415,10,0.72,10/07/2008,1.31,1.0625,68,05/01/2002,2.71,1.94,722,103,6.01,121,24.2,2.46,115,36.9,3.01,5370,33.4,60,23.1,56.4
W 14 x 61,17.9,13.9,0.375,9.99,0.645,10/07/2008,1.24,1,61,05/01/2002,2.7,2.15,640,92.1,5.98,107,21.5,2.45,102,32.8,2.19,4690,33.1,53,20.5,50.1
W 14 x 53,15.6,13.9,0.37,8.06,0.66,10/07/2008,1.25,1,53,05/01/2002,2.15,2.62,541,77.8,5.89,57.7,14.3,1.92,87.1,22,1.94,2540,26.7,36,16.8,42.6
W 14 x 48,14.1,13.8,0.34,8.03,0.595,10/07/2008,1.19,1,48,05/01/2002,2.13,2.89,484,70.2,5.85,51.4,12.8,1.91,78.4,19.6,1.45,2240,26.5,32,15.1,38.3
W 14 x 43,12.6,13.7,0.305,8,0.53,10/07/2008,1.12,1,43,05/01/2002,2.12,3.22,428,62.6,5.82,45.2,11.3,1.89,69.6,17.3,1.05,1950,26.2,28,13.4,33.9
W 14 x 38,11.2,14.1,0.31,6.77,0.515,11/05/2008,0.915,0.8125,38,03/01/2002,1.77,4.04,385,54.6,5.87,26.7,7.88,1.55,61.5,12.1,0.798,1230,23,20,11.3,30.3
W 14 x 34,10,14,0.285,6.75,0.455,11/05/2008,0.855,0.75,34,03/01/2002,1.76,4.56,340,48.6,5.83,23.3,6.91,1.53,54.6,10.6,0.569,1070,22.8,18,9.94,26.8
W 14 x 30,8.85,13.8,0.27,6.73,0.385,11/05/2008,0.785,0.75,30,03/01/2002,1.74,5.34,291,42,5.73,19.6,5.82,1.49,47.3,8.99,0.38,887,22.6,15,8.37,23.2
W 14 x 26,7.69,13.9,0.255,5.03,0.42,11/05/2008,0.82,0.75,26,02/03/2004,1.28,6.59,245,35.3,5.65,8.9,3.55,1.08,40.2,5.54,0.358,405,16.9,9,6.76,19.7
W 14 x 22,6.49,13.7,0.23,5,0.335,11/05/2008,0.735,0.75,22,02/03/2004,1.25,8.2,199,29,5.54,7,2.8,1.04,33.2,4.39,0.208,314,16.8,7,5.36,16.1
W 12 x 336,98.8,16.8,1.78,13.4,2.96,09/01/2008,3.55,1.6875,336,05/01/2002,3.71,0.43,4060,483,6.41,1190,177,3.47,603,274,243,57200,46.4,459,119,301
W 12 x 305,89.6,16.3,1.63,13.2,2.71,09/01/2008,3.3,1.625,305,05/01/2002,3.67,0.46,3550,435,6.29,1050,159,3.42,537,244,185,48700,45,403,107,268
W 12 x 279,81.9,15.9,1.53,13.1,2.47,09/01/2008,3.07,1.625,279,05/01/2002,3.64,0.49,3110,393,6.16,937,143,3.38,481,220,143,41900,44,357,95.9,240
W 12 x 252,74,15.4,1.4,13,2.25,09/01/2008,2.85,1.5,252,05/01/2002,3.59,0.53,2720,353,6.06,828,127,3.34,428,196,108,35800,42.8,313,85.9,213
W 12 x 230,67.7,15.1,1.29,12.9,2.07,09/01/2008,2.67,1.5,230,05/01/2002,3.56,0.56,2420,321,5.97,742,115,3.31,386,177,83.8,31300,41.8,279,78,192
W 12 x 210,61.8,14.7,1.18,12.8,1.9,09/01/2008,2.5,1.4375,210,05/01/2002,3.53,0.61,2140,292,5.89,664,104,3.28,348,159,64.7,27200,41,249,70.6,173
W 12 x 190,55.8,14.4,1.06,12.7,1.74,09/01/2008,2.33,1.375,190,05/01/2002,3.5,0.65,1890,263,5.82,589,93,3.25,311,143,48.8,23500,40.1,220,63.7,155
W 12 x 170,50,14,0.96,12.6,1.56,09/01/2008,2.16,1.3125,170,05/01/2002,3.47,0.72,1650,235,5.74,517,82.3,3.22,275,126,35.6,20100,39.2,192,56.5,137
W 12 x 152,44.7,13.7,0.87,12.5,1.4,09/01/2008,2,1.25,152,05/01/2002,3.44,0.78,1430,209,5.66,454,72.8,3.19,243,111,25.8,17200,38.4,168,50,120
W 12 x 136,39.9,13.4,0.79,12.4,1.25,09/01/2008,1.85,1.25,136,05/01/2002,3.41,0.87,1240,186,5.58,398,64.2,3.16,214,98,18.5,14700,37.7,146,44.1,106
W 12 x 120,35.3,13.1,0.71,12.3,1.11,09/01/2008,1.7,1.1875,120,05/01/2002,3.38,0.96,1070,163,5.51,345,56,3.13,186,85.4,12.9,12500,37,126,38.5,92.3
W 12 x 106,31.2,12.9,0.61,12.2,0.99,09/01/2008,1.59,1.125,106,05/01/2002,3.36,1.07,933,145,5.47,301,49.3,3.11,164,75.1,9.13,10700,36.4,110,34.2,81.1
W 12 x 96,28.2,12.7,0.55,12.2,0.9,09/01/2008,1.5,1.125,96,05/01/2002,3.34,1.16,833,131,5.44,270,44.4,3.09,147,67.5,6.85,9410,35.9,98,30.9,72.8
W 12 x 87,25.6,12.5,0.515,12.1,0.81,09/01/2008,1.41,1.0625,87,05/01/2002,3.32,1.28,740,118,5.38,241,39.7,3.07,132,60.4,5.1,8280,35.5,87,27.6,65.2
W 12 x 79,23.2,12.4,0.47,12.1,0.735,09/01/2008,1.33,1.0625,79,05/01/2002,3.31,1.39,662,107,5.34,216,35.8,3.05,119,54.3,3.84,7320,35.2,78,24.8,58.7
W 12 x 72,21.1,12.3,0.43,12,0.67,09/01/2008,1.27,1.0625,72,05/01/2002,3.29,1.52,597,97.4,5.31,195,32.4,3.04,108,49.2,2.93,6540,34.9,70,22.5,53.1
W 12 x 65,19.1,12.1,0.39,12,0.605,09/01/2008,1.2,1,65,05/01/2002,3.28,1.67,533,87.9,5.28,174,29.1,3.02,96.8,44.1,2.18,5770,34.5,63,20.2,47.6
W 12 x 58,17,12.2,0.36,10,0.64,09/01/2004,1.24,0.9375,58,05/01/2002,2.72,1.9,475,78,5.28,107,21.4,2.51,86.4,32.5,2.1,3570,28.9,46,17.8,42.4
W 12 x 53,15.6,12.1,0.345,9.99,0.575,09/01/2004,1.17,0.9375,53,05/01/2002,2.71,2.1,425,70.6,5.23,95.8,19.2,2.48,77.9,29.1,1.58,3160,28.7,41,15.9,38.1
W 12 x 50,14.6,12.2,0.37,8.08,0.64,09/01/2004,1.14,0.9375,50,05/01/2002,2.17,2.36,391,64.2,5.18,56.3,13.9,1.96,71.9,21.3,1.71,1880,23.3,30,14.2,35.4
W 12 x 45,13.1,12.1,0.335,8.05,0.575,09/01/2004,1.08,0.9375,45,05/01/2002,2.15,2.61,348,57.7,5.15,50,12.4,1.95,64.2,19,1.26,1650,23.1,27,12.7,31.5
W 12 x 40,11.7,11.9,0.295,8.01,0.515,09/01/2004,1.02,0.875,40,05/01/2002,2.14,2.9,307,51.5,5.13,44.1,11,1.94,57,16.8,0.906,1440,22.9,24,11.3,27.9
W 12 x 35,10.3,12.5,0.3,6.56,0.52,10/01/2008,0.82,0.75,35,03/01/2002,1.74,3.66,285,45.6,5.25,24.5,7.47,1.54,51.2,11.5,0.741,879,19.6,17,9.75,25.4
W 12 x 30,8.79,12.3,0.26,6.52,0.44,10/01/2008,0.74,0.75,30,03/01/2002,1.73,4.3,238,38.6,5.21,20.3,6.24,1.52,43.1,9.56,0.457,719,19.4,14,8.19,21.3
W 12 x 26,7.65,12.2,0.23,6.49,0.38,10/01/2008,0.68,0.75,26,03/01/2002,1.72,4.95,204,33.4,5.17,17.3,5.34,1.51,37.2,8.17,0.3,606,19.2,12,7.04,18.4
W 12 x 22,6.48,12.3,0.26,4.03,0.425,10/03/2008,0.725,0.625,22,02/01/2004,1.02,7.19,156,25.4,4.91,4.7,2.31,0.848,29.3,3.66,0.293,165,12,5,4.76,14.4
W 12 x 19,5.57,12.2,0.235,4.01,0.35,10/03/2008,0.65,0.5625,19,02/01/2004,1,8.67,130,21.3,4.82,3.8,1.88,0.822,24.7,2.98,0.18,131,11.8,4,3.9,12.1
W 12 x 16,4.71,12,0.22,3.99,0.265,10/03/2008,0.565,0.5625,16,02/01/2004,0.96,11.3,103,17.1,4.67,2.8,1.41,0.773,20.1,2.26,0.103,97,11.7,3,2.93,9.81
W 12 x 14,4.16,11.9,0.2,3.97,0.225,10/03/2008,0.525,0.5625,14,02/01/2004,0.95,13.3,88.6,14.9,4.62,2.4,1.19,0.753,17.4,1.9,0.0704,81,11.6,3,2.48,8.5
W 10 x 112,32.9,11.4,0.755,10.4,1.25,07/01/2002,1.75,1,112,05/01/2002,2.88,0.87,716,126,4.66,236,45.3,2.68,147,69.2,15.1,6030,26.3,86,30.5,73.2
W 10 x 100,29.4,11.1,0.68,10.3,1.12,07/01/2002,1.62,1,100,05/01/2002,2.85,0.96,623,112,4.6,207,40,2.65,130,61,10.9,5150,25.8,75,27,64.5
W 10 x 88,25.9,10.8,0.605,10.3,0.99,07/01/2002,1.49,0.9375,88,05/01/2002,2.83,1.07,534,98.5,4.54,179,34.8,2.63,113,53.1,7.53,4340,25.3,64,23.5,56
W 10 x 77,22.6,10.6,0.53,10.2,0.87,07/01/2002,1.37,0.875,77,05/01/2002,2.8,1.2,455,85.9,4.49,154,30.1,2.6,97.6,45.9,5.11,3640,24.8,55,20.4,48.3
W 10 x 68,20,10.4,0.47,10.1,0.77,07/01/2002,1.27,0.875,68,05/01/2002,2.79,1.33,394,75.7,4.44,134,26.4,2.59,85.3,40.1,3.56,3110,24.4,48,17.9,42.2
W 10 x 60,17.6,10.2,0.42,10.1,0.68,07/01/2002,1.18,0.8125,60,05/01/2002,2.77,1.49,341,66.7,4.39,116,23,2.57,74.6,35,2.48,2640,24,41,15.7,36.8
W 10 x 54,15.8,10.1,0.37,10,0.615,07/01/2002,1.12,0.8125,54,05/01/2002,2.75,1.64,303,60,4.37,103,20.6,2.56,66.6,31.3,1.82,2310,23.8,37,14.1,32.9
W 10 x 49,14.4,9.98,0.34,10,0.56,07/01/2002,1.06,0.8125,49,05/01/2002,2.74,1.78,272,54.6,4.35,93.4,18.7,2.54,60.4,28.3,1.39,2070,23.6,33,12.7,29.7
W 10 x 45,13.3,10.1,0.35,8.02,0.62,07/01/2002,1.12,0.8125,45,05/01/2002,2.18,2.03,248,49.1,4.32,53.4,13.3,2.01,54.9,20.3,1.51,1200,19,24,11.3,27
W 10 x 39,11.5,9.92,0.315,7.99,0.53,07/01/2002,1.03,0.8125,39,05/01/2002,2.16,2.34,209,42.1,4.27,45,11.3,1.98,46.8,17.2,0.976,992,18.7,20,9.54,23
W 10 x 33,9.71,9.73,0.29,7.96,0.435,07/01/2002,0.935,0.75,33,05/01/2002,2.14,2.81,171,35,4.19,36.6,9.2,1.94,38.8,14,0.583,791,18.5,16,7.75,18.9
W 10 x 30,8.84,10.5,0.3,5.81,0.51,08/01/2004,0.81,0.6875,30,02/03/2004,1.55,3.53,170,32.4,4.38,16.7,5.75,1.37,36.6,8.84,0.622,414,14.5,11,7,18.1
W 10 x 26,7.61,10.3,0.26,5.77,0.44,08/01/2004,0.74,0.6875,26,02/03/2004,1.54,4.07,144,27.9,4.35,14.1,4.89,1.36,31.3,7.5,0.402,345,14.3,9,5.99,15.5
W 10 x 22,6.49,10.2,0.24,5.75,0.36,08/01/2004,0.66,0.625,22,02/03/2004,1.51,4.91,118,23.2,4.27,11.4,3.97,1.33,26,6.1,0.239,274,14.1,7,4.86,12.8
W 10 x 19,5.62,10.2,0.25,4.02,0.395,08/03/2008,0.695,0.625,19,02/01/2004,1.03,6.45,96.3,18.8,4.14,4.3,2.14,0.874,21.6,3.35,0.233,104,9.89,4,3.67,10.6
W 10 x 17,4.99,10.1,0.24,4.01,0.33,08/03/2008,0.63,0.5625,17,02/01/2004,1.01,7.64,81.9,16.2,4.05,3.6,1.78,0.845,18.7,2.8,0.156,85,9.8,3,3.04,9.15
W 10 x 15,4.41,9.99,0.23,4,0.27,08/03/2008,0.57,0.5625,15,02/01/2004,0.99,9.25,68.9,13.8,3.95,2.9,1.45,0.81,16,2.3,0.104,68,9.72,3,2.47,7.82
W 10 x 12,3.54,9.87,0.19,3.96,0.21,08/03/2008,0.51,0.5625,12,02/01/2004,0.96,11.9,53.8,10.9,3.9,2.2,1.1,0.785,12.6,1.74,0.0547,51,9.56,2,1.91,6.14
W 8 x 67,19.7,9,0.57,8.28,0.935,05/03/2004,1.33,0.9375,67,05/01/2002,2.28,1.16,272,60.4,3.72,88.6,21.4,2.12,70.1,32.7,5.05,1440,16.7,32,14.5,34.8
W 8 x 58,17.1,8.75,0.51,8.22,0.81,05/03/2004,1.2,0.875,58,05/01/2002,2.26,1.31,228,52,3.65,75.1,18.3,2.1,59.8,27.9,3.33,1180,16.3,27,12.4,29.7
W 8 x 48,14.1,8.5,0.4,8.11,0.685,05/03/2004,1.08,0.8125,48,05/01/2002,2.23,1.53,184,43.2,3.61,60.9,15,2.08,49,22.9,1.96,930,15.8,22,10.3,24.2
W 8 x 40,11.7,8.25,0.36,8.07,0.56,05/03/2004,0.954,0.8125,40,05/01/2002,2.21,1.83,146,35.5,3.53,49.1,12.2,2.04,39.8,18.5,1.12,726,15.5,18,8.3,19.7
W 8 x 35,10.3,8.12,0.31,8.02,0.495,05/03/2004,0.889,0.8125,35,05/01/2002,2.2,2.05,127,31.2,3.51,42.6,10.6,2.03,34.7,16.1,0.769,619,15.3,15,7.28,17.1
W 8 x 31,9.12,8,0.285,8,0.435,05/03/2004,0.829,0.75,31,05/01/2002,2.18,2.3,110,27.5,3.47,37.1,9.27,2.02,30.4,14.1,0.536,531,15.1,13,6.34,15
W 8 x 28,8.24,8.06,0.285,6.54,0.465,06/01/2008,0.859,0.625,28,03/01/2002,1.77,2.65,98,24.3,3.45,21.7,6.63,1.62,27.2,10.1,0.537,313,12.4,9,5.52,13.4
W 8 x 24,7.08,7.93,0.245,6.5,0.4,06/01/2008,0.794,0.5625,24,03/01/2002,1.76,3.05,82.7,20.9,3.42,18.3,5.63,1.61,23.1,8.57,0.346,259,12.2,8,4.71,11.3
W 8 x 21,6.16,8.28,0.25,5.27,0.4,06/01/2002,0.7,0.5625,21,02/03/2004,1.41,3.93,75.3,18.2,3.49,9.8,3.71,1.26,20.4,5.69,0.282,152,10.4,5,3.96,10.1
W 8 x 18,5.26,8.14,0.23,5.25,0.33,06/01/2002,0.63,0.5625,18,02/03/2004,1.39,4.7,61.9,15.2,3.43,8,3.04,1.23,17,4.66,0.172,122,10.3,4,3.23,8.37
W 8 x 15,4.44,8.11,0.245,4.01,0.315,06/01/2002,0.615,0.5625,15,02/01/2004,1.03,6.41,48,11.8,3.29,3.4,1.7,0.876,13.6,2.67,0.137,52,7.82,2,2.31,6.64
W 8 x 13,3.84,7.99,0.23,4,0.255,06/01/2002,0.555,0.5625,13,02/01/2004,1.01,7.83,39.6,9.9,3.21,2.7,1.37,0.843,11.4,2.15,0.0871,41,7.74,2,1.86,5.55
W 8 x 10,2.96,7.89,0.17,3.94,0.205,06/01/2002,0.505,0.5,10,02/01/2004,0.99,9.77,30.8,7.8,3.22,2.1,1.06,0.841,8.9,1.66,0.0426,31,7.57,2,1.48,4.29
W 6 x 25,7.36,6.38,0.32,6.08,0.455,04/01/2002,0.754,0.5625,25,03/01/2002,1.66,2.31,53.6,16.8,2.7,17.1,5.61,1.52,19,8.57,0.47,150,9.01,6,3.88,9.39
W 6 x 20,5.89,6.2,0.26,6.02,0.365,04/01/2002,0.664,0.5625,20,03/01/2002,1.64,2.82,41.5,13.4,2.66,13.3,4.41,1.5,15,6.72,0.246,113,8.78,5,3.07,7.38
W 6 x 16,4.74,6.28,0.26,4.03,0.405,04/01/2002,0.655,0.5625,16,02/01/2004,1.08,3.85,32.1,10.2,2.6,4.4,2.2,0.967,11.7,3.39,0.223,38,5.92,2,2.24,5.77
W 6 x 15,4.45,5.99,0.23,5.99,0.26,04/01/2002,0.559,0.5625,15,03/01/2002,1.61,3.85,29.3,9.8,2.56,9.3,3.11,1.45,10.8,4.75,0.105,77,8.58,3,2.15,5.32
W 6 x 12,3.55,6.03,0.23,4,0.28,04/01/2002,0.53,0.5625,12,02/01/2004,1.05,5.38,22.1,7.3,2.49,3,1.5,0.918,8.3,2.32,0.0903,25,5.75,2,1.52,4.08
W 6 x 9,2.68,5.9,0.17,3.94,0.215,04/01/2002,0.465,0.5,9,02/01/2004,1.03,6.96,16.4,5.6,2.47,2.2,1.11,0.905,6.2,1.72,0.0405,18,5.6,1,1.15,3.04
W 6 x 8.5,2.51,5.83,0.17,3.94,0.194,04/01/2002,0.444,0.5,8.5,02/01/2004,1.038,7.63,14.8,5.1,2.43,2,1.01,0.889,5.7,1.55,0.033,16,5.55,1,1.03,2.78
W 5 x 19,5.56,5.15,0.27,5.03,0.43,03/01/2002,0.73,0.4375,19,02/03/2004,1.38,2.38,26.3,10.2,2.17,9.1,3.63,1.28,11.6,5.53,0.316,51,5.94,3,2.42,5.73
W 5 x 16,4.71,5.01,0.24,5,0.36,03/01/2002,0.66,0.4375,16,02/03/2004,1.37,2.78,21.4,8.6,2.13,7.5,3,1.26,9.6,4.58,0.192,41,5.81,3,1.99,4.74
W 4 x 13,3.83,4.16,0.28,4.06,0.345,02/05/2008,0.595,0.5,13,02/01/2004,1.1,2.97,11.3,5.5,1.72,3.9,1.9,1,6.3,2.92,0.151,14,3.87,1,1.24,3.09
M 14 x 18,5.1,14,0.215,4,0.27,12/03/2004,0.625,0,18,02/01/2004,0.91,13,148,21.1,5.38,2.6,1.32,0.719,24.9,2.2,0.11,124,13.7,4,3.6,12.4
M 12 x 11.8,3.47,12,0.177,3.07,0.225,10/07/2008,0.5625,0,11.8,0,0.68,17.4,72.2,12,4.56,1.1,0.709,0.559,14.3,1.15,0.05,38,9.02,2,1.91,7.01
M 12 x 10.8,3.18,12,0.16,3.07,0.21,10/07/2008,0.5625,0,10.8,0,0.69,18.6,66.7,11.1,4.58,1,0.661,0.564,13.2,1.07,0.0393,35,9.01,1,1.79,6.45
M 12 x 10,2.95,12,0.149,3.25,0.18,11,0.5,0,10,0,0.74,20.5,61.7,10.3,4.57,1,0.636,0.592,12.2,1.02,0.0292,36,9.58,1,1.65,5.96
M 10 x 9,2.65,10,0.157,2.69,0.206,08/07/2008,0.5625,0,9,0,0.61,18,39,7.8,3.83,0.7,0.5,0.503,9.2,0.809,0.0314,16,6.59,1,1.28,4.52
M 10 x 8,2.37,9.95,0.141,2.69,0.182,08/07/2008,0.5625,0,8,0,0.61,20.3,34.6,7,3.82,0.6,0.441,0.5,8.2,0.711,0.0224,14,6.57,1,1.13,4.01
M 10 x 7.5,2.22,9.99,0.13,2.69,0.173,09/01/2008,0.4375,0,7.5,0,0.6,21.5,33,6.6,3.85,0.6,0.418,0.503,7.8,0.67,0.0187,14,6.6,1,1.09,3.79
M 8 x 6.5,1.92,8,0.135,2.28,0.189,06/07/2008,0.5625,0,6.5,0,0.53,18.6,18.5,4.6,3.11,0.4,0.329,0.443,5.4,0.529,0.0184,6,4.45,0,0.792,2.66
M 8 x 6.2,1.82,8,0.129,2.28,0.177,07/01/2008,0.4375,0,6.2,0,0.555,19.82,17.6,4.4,3.1,0.4,0.308,0.439,5.2,0.495,0.0156,5,4.46,0,0.745,2.52
M 6 x 4.4,1.29,6,0.114,1.84,0.171,05/01/2004,0.375,0,4.4,0,0.44,19,7.2,2.4,2.36,0.2,0.195,0.372,2.8,0.311,0.0099,2,2.69,0,0.431,1.38
M 6 x 3.7,1.09,5.92,0.098,2,0.129,05/03/2008,0.3125,0,3.7,0,0.496,22.95,6,2,2.34,0.2,0.173,0.398,2.3,0.273,0.0053,1,2.9,0,0.355,1.14
M 5 x 18.9,5.55,5,0.316,5,0.416,03/03/2008,0.8125,0,18.9,02/03/2004,1.29,2.4,24.1,9.6,2.08,7.9,3.14,1.19,11,5.02,0.34,41,5.73,3,2.28,5.53
M 4 x 8,1.75,3.8,0.13,3.8,0.16,02/03/2004,0.5,0,8,02/01/2004,1.035,6.25,4.7,2.5,1.64,1.5,0.771,0.915,2.7,1.18,0.0184,5,3.46,1,0.534,1.3
HP 14 x 117,34.4,14.2,0.805,14.9,0.805,11/01/2004,1.5,1.0625,117,05/01/2002,4,1.19,1220,172,5.96,443,59.5,3.59,194,91.4,8.02,19900,49.9,149,38,96.3
HP 14 x 102,30,14,0.705,14.8,0.705,11/01/2004,1.375,1,102,05/01/2002,3.97,1.34,1050,150,5.92,380,51.4,3.56,169,78.8,5.39,16800,49.2,128,33,83.3
HP 14 x 89,26.1,13.8,0.615,14.7,0.615,11/01/2004,1.3125,0.9375,89,05/01/2002,3.94,1.53,904,131,5.88,326,44.3,3.53,146,67.7,3.59,14200,48.5,110,28.6,71.9
HP 14 x 73,21.4,13.6,0.505,14.6,0.505,11/01/2004,1.1875,0.875,73,05/01/2002,3.9,1.85,729,107,5.84,261,35.8,3.49,118,54.6,2.01,11200,47.8,88,23.3,58.3
HP 13 x 100,29.4,13.15,0.765,13.205,0.765,10/01/2004,1.4375,1,100,05/01/2002,3.54,1.3,886,135,5.49,294,44.5,3.16,153,68.6,6.25,11287,0,0,0,0
HP 13 x 87,25.5,12.95,0.665,13.105,0.665,10/01/2004,1.375,0.9375,87,05/01/2002,3.51,1.49,755,117,5.45,250,38.1,3.13,131,58.5,4.12,9433,0,0,0,0
HP 13 x 73,21.6,12.75,0.565,13.005,0.565,10/01/2004,1.25,0.9375,73,05/01/2002,3.47,1.74,630,98.8,5.4,207,31.9,3.1,110,48.8,2.54,7703,0,0,0,0
HP 13 x 60,17.5,12.54,0.46,12.9,0.46,10/01/2004,1.125,0.875,60,05/01/2002,3.43,2.11,503,80.3,5.36,165,25.5,3.07,89,39,1.39,6008,0,0,0,0
HP 12 x 84,24.6,12.3,0.685,12.3,0.685,09/01/2002,1.375,1,84,05/01/2002,3.29,1.46,650,106,5.14,213,34.6,2.94,120,53.2,4.24,7160,35.6,75,23.1,59
HP 12 x 74,21.8,12.1,0.605,12.2,0.61,09/01/2002,1.3125,0.9375,74,05/01/2002,3.26,1.63,569,93.8,5.11,186,30.4,2.92,105,46.6,2.98,6170,35.2,66,20.4,51.9
HP 12 x 63,18.4,11.9,0.515,12.1,0.515,09/01/2002,1.25,0.875,63,05/01/2002,3.23,1.91,472,79.1,5.06,153,25.3,2.88,88.3,38.7,1.83,4990,34.6,54,17.1,43.3
HP 12 x 53,15.5,11.8,0.435,12,0.435,09/01/2002,1.125,0.875,53,05/01/2002,3.2,2.25,393,66.7,5.03,127,21.1,2.86,74,32.2,1.12,4090,34.2,45,14.3,36.2
HP 10 x 57,16.8,9.99,0.565,10.2,0.565,07/01/2002,1.25,0.8125,57,05/01/2002,2.74,1.73,294,58.8,4.18,101,19.7,2.45,66.5,30.3,1.97,2240,24.1,35,12.9,32.8
HP 10 x 42,12.4,9.7,0.415,10.1,0.42,07/01/2002,1.125,0.75,42,05/01/2002,2.69,2.29,210,43.4,4.13,71.7,14.2,2.41,48.3,21.8,0.813,1540,23.4,25,9.41,23.7
HP 8 x 36,10.6,8.02,0.445,8.15,0.445,05/03/2004,1.125,0.625,36,05/01/2002,2.18,2.21,119,29.8,3.36,40.3,9.88,1.95,33.6,15.2,0.77,578,15.4,14,6.5,16.6
