IR 1118 x 498.5,634.19228,1118,25.9,406,45.0,984,65,33,498.5,139.7,105,0.614,1294480,23106,45.2,49948,2474,8.9,26547,3867,3097,143935225,1084,49532,4572,13192
IR 1107 x 431.6,553.54728,1107,22.1,401,40.1,984,60,32,431.6,139.7,104,0.685,1127987,20320,45.2,43704,2163,8.9,23270,3376,2144,124600642,1071,43288,4064,11537
IR 1118 x 424.1,540.64408,1118,26.0,300,45.0,981,68,35,424.1,139.7,75,0.827,1023929,18354,43.4,20395,1360,6.1,21467,2212,2497,58809355,806,27180,3343,10766
IR 1100 x 389.9,498.06352,1100,20.1,401,36.1,984,56,30,389.9,139.7,103,0.764,1007280,18354,45.0,38585,1934,8.8,20812,2999,1569,109294098,1065,38377,3638,10324
IR 1108 x 369.1,469.67648,1108,22.0,300,40.0,981,64,33,369.1,139.7,75,0.921,890735,16109,43.7,18106,1213,6.2,18845,1934,1694,51558886,800,24017,3015,9406
IR 1090 x 342.3,436.77332,1090,18.0,401,31.0,984,51,30,342.3,139.7,103,0.878,865761,15912,44.5,33132,1655,8.7,18026,2573,1036,92913410,1058,32841,3130,8947
IR 1100 x 333.3,424.51528,1100,20.0,300,36.0,981,59,33,333.3,139.7,75,1.020,799164,14568,43.4,16275,1082,6.2,16879,1721,1249,46188169,800,21519,2720,8472
IR 1090 x 294.7,374.1928,1090,18.0,300,31.0,981,54,32,294.7,139.7,75,1.173,695106,12716,42.9,13985,934,6.1,14781,1475,837,39206237,794,18439,2360,7374
IR 1108 x 974.7,1238.7072,1108,50.0,428,89.9,857,125,57,974.7,139.7,113,0.287,2351708,42443,43.7,119042,5555,9.8,50145,8865,24807,306130888,1090,104890,8751,25072
IR 1092 x 882.5,1122.5784,1092,45.5,424,82.0,864,112,54,882.5,139.7,111,0.315,2097806,38346,43.2,104890,4949,9.7,45228,7882,18522,267461724,1071,93236,7833,22450
IR 1075 x 790.2,1006.4496,1075,40.9,419,73.9,857,110,51,790.2,139.7,110,0.346,1843905,34249,42.9,91571,4359,9.5,40148,6915,13694,227718415,1052,81165,7096,20156
IR 1069 x 748.5,954.8368,1069,39.1,417,70.1,864,100,51,748.5,139.7,109,0.366,1735685,32446,42.7,85327,4097,9.4,38018,6473,11613,212411871,1039,76170,6604,18845
IR 1062 x 714.3,903.224,1062,37.1,416,67.1,857,102,51,714.3,139.7,109,0.382,1644114,30972,42.7,80749,3884,9.4,35724,6129,10198,198448006,1032,72008,6407,17862
IR 1078 x 693.5,883.8692,1078,42.4,321,74.9,868,105,51,693.5,139.7,82,0.449,1510920,28022,41.4,42039,2622,6.9,33594,4293,11530,105534596,806,48283,5277,16879
IR 1050 x 648.8,825.8048,1050,34.0,412,61.0,857,97,49,648.8,139.7,108,0.417,1473459,28022,42.2,71592,3474,9.3,32446,5473,7742,174279778,1019,64100,5801,16256
IR 1049 x 641.4,819.3532,1049,34.0,411,59.9,864,90,48,641.4,139.7,107,0.425,1448485,27694,42.2,70343,3409,9.3,32119,5375,7367,171594419,1019,62851,5604,15863
IR 1041 x 590.8,754.8372,1041,31.0,409,55.9,864,86,46,590.8,139.7,107,0.453,1331941,25564,42.2,64100,3130,9.2,29497,4916,5910,155213731,1006,57440,5211,14601
IR 1057 x 583.4,741.934,1057,36.1,315,64.0,864,94,49,583.4,139.7,80,0.524,1244532,23597,40.9,33423,2130,6.7,28022,3474,7159,82171975,781,39126,4408,13847
IR 1031 x 553.6,703.2244,1031,29.5,409,52.1,864,82,46,553.6,139.7,106,0.484,1232045,23925,41.9,59105,2901,9.1,27530,4556,4828,141786938,1000,52861,4834,13585
IR 1031 x 538.7,690.3212,1031,28.4,406,51.1,864,81,44,538.7,139.7,106,0.496,1202909,23270,41.9,57440,2835,9.1,26875,4425,4537,137490364,994,51613,4736,13224
IR 1036 x 492.6,629.031,1036,31.0,310,54.1,864,84,46,492.6,139.7,78,0.618,1028092,19828,40.4,26805,1737,6.5,23434,2819,4412,64717144,761,31634,3687,11537
IR 1016 x 488.1,621.93424,1016,23.1,455,43.9,857,79,43,488.1,139.7,120,0.508,1115500,21959,42.4,69094,3032,10.5,24745,4687,3088,163001271,1103,55359,4703,12372
IR 1036 x 486.6,619.3536,1036,30.0,307,54.1,864,84,46,486.6,139.7,78,0.622,1019767,19665,40.6,26639,1721,6.6,23106,2786,4287,64180072,755,31509,3687,11405
IR 1021 x 482.2,614.83748,1021,25.4,404,46.0,864,76,43,482.2,139.7,105,0.551,1065552,20975,41.7,50780,2507,9.1,23925,3917,3305,120572604,987,45785,4244,11782
IR 1018 x 477.7,607.09556,1018,25.4,404,45.0,868,75,43,477.7,139.7,105,0.559,1044741,20484,41.4,49532,2458,9.0,23270,3835,3305,119766997,981,45785,4326,11963
IR 1008 x 443.5,565.16016,1008,21.1,453,40.0,857,76,41,443.5,139.7,119,0.555,1007280,19992,42.2,62018,2737,10.5,22450,4211,2343,145009368,1097,49532,4277,11209
IR 1011 x 442,563.86984,1011,23.6,401,41.9,864,72,43,442.0,139.7,104,0.602,965657,19173,41.4,45369,2261,9.0,21795,3523,2547,106608739,974,41040,3851,10717
IR 1021 x 413.7,527.74088,1021,25.9,305,46.0,864,76,44,413.7,139.7,77,0.728,853274,16715,40.1,21686,1427,6.4,19501,2294,2693,51558886,742,25890,3114,9603
IR 1008 x 412.2,525.16024,1008,21.1,401,40.1,864,70,41,412.2,139.7,105,0.626,911547,18026,41.7,43288,2163,9.1,20484,3343,2144,101506558,974,39126,3687,10062
IR 1000 x 398.8,508.38608,1000,19.1,451,35.9,857,71,40,398.8,139.7,119,0.618,894898,17862,41.9,54943,2442,10.4,19992,3753,1711,127554537,1084,44121,3835,10029
IR 1016 x 392.9,500.64416,1016,24.4,302,43.9,864,74,43,392.9,139.7,76,0.764,807489,15912,40.1,20520,1354,6.4,18517,2163,2335,48604992,735,24516,2982,9095
IR 1001 x 370.6,472.90228,1001,19.1,401,36.1,864,66,40,370.6,139.7,104,0.693,815814,16272,41.4,38543,1934,9.0,18354,2982,1586,89690980,961,34797,3310,9013
IR 992 x 363.1,462.57972,992,18.0,450,32.0,857,67,40,363.1,139.7,118,0.689,799164,16109,41.7,48699,2163,10.3,18026,3327,1265,111979457,1077,38876,3409,9013
IR 1008 x 349.7,445.1604,1008,21.1,302,40.1,864,70,41,349.7,139.7,76,0.835,724243,14339,40.4,18481,1222,6.5,16551,1934,1719,43234275,729,22060,2720,8112
IR 982 x 328.9,418.06368,982,18.0,450,27.1,857,62,40,328.9,139.7,116,0.807,690944,14060,40.6,41124,1835,9.9,15846,2819,882,93719018,1071,32674,2884,7915
IR 991 x 320,409.03144,991,16.5,401,31.0,864,61,40,320.0,139.7,104,0.799,695106,14077,41.1,33132,1655,9.0,15797,2556,1032,76264186,961,29719,2851,7718
IR 1001 x 314,399.9992,1001,19.1,300,36.1,864,66,40,314.0,139.7,76,0.929,645159,12880,40.1,16233,1083,6.4,14847,1721,1265,37595021,723,19480,2425,7243
IR 983 x 296.1,377.4186,983,16.5,401,27.2,864,57,40,296.1,139.7,103,0.909,620185,12618,40.6,28928,1445,8.8,14240,2245,762,66059823,955,25848,2474,6948
IR 970 x 285.7,364.5154,970,18.0,450,21.1,857,57,40,285.7,139.7,113,1.024,561912,11602,39.4,32050,1426,9.4,13224,2212,570,71967612,1065,25307,2245,6620
IR 991 x 272.3,347.09608,991,16.5,300,31.0,864,61,40,272.3,139.7,76,1.067,553588,11192,39.9,13985,932,6.4,12831,1468,832,32224304,716,16733,2114,6243
IR 970 x 258.9,329.67676,970,16.5,400,21.1,868,51,38,258.9,139.7,100,1.150,507802,10471,39.4,22518,1127,8.3,11717,1753,466,50753279,948,20021,1950,5965
IR 980 x 248.5,317.41872,980,16.5,300,25.9,864,56,40,248.5,139.7,74,1.256,482828,9832,38.9,11779,785,6.1,11356,1245,583,26799880,716,13985,1753,5506
IR 970 x 221.7,282.58008,970,16.0,300,21.1,864,51,38,221.7,139.7,72,1.535,407907,8407,38.1,9532,636,5.8,9799,1019,390,21482869,710,11238,1421,4719
IR 1078 x 1262,1606.4484,1078,64.0,461,115.1,791,144,57,1262.0,139.7,123,0.205,2805400,51947,41.7,189385,8210,10.8,62763,13093,52861,435028105,1110,146930,11045,31299
IR 1067 x 1187.6,1516.126,1067,60.5,457,109.0,784,133,60,1187.6,139.7,122,0.213,2605609,48834,41.4,174817,7653,10.7,58666,12176,43704,400118442,1090,136108,10340,29333
IR 1046 x 1071.5,1361.2876,1046,55.0,451,99.1,791,129,52,1071.5,139.7,120,0.232,2301760,44081,41.1,153173,6784,10.6,52275,10750,33465,341040551,1071,119458,9357,26055
IR 1029 x 967.3,1232.2556,1029,50.0,447,89.9,784,114,56,967.3,139.7,119,0.256,2035372,39657,40.6,134443,6014,10.4,46867,9505,24599,295389454,1045,104890,8357,23270
IR 1012 x 875,1109.6752,1012,45.5,442,82.0,791,111,48,875.0,139.7,117,0.280,1810607,35724,40.4,118626,5375,10.3,41787,8472,18855,255109074,1026,93236,7620,20975
IR 996 x 784.3,999.998,996,40.9,437,73.9,784,98,51,784.3,139.7,116,0.307,1594166,31955,39.9,103642,4736,10.2,37363,7440,13611,220199411,1006,81581,6751,18517
IR 984 x 721.8,916.1272,984,38.1,434,68.1,791,97,44,721.8,139.7,115,0.335,1444323,29333,39.6,93652,4310,10.1,33921,6751,10822,195225575,994,73673,6227,17043
IR 973 x 653.3,832.2564,973,34.5,432,62.0,784,86,48,653.3,139.7,114,0.362,1290317,26547,39.4,82830,3851,10.0,30644,6014,8033,171325883,981,65348,5588,15256
IR 960 x 584.8,748.3856,960,31.0,427,55.9,784,80,46,584.8,139.7,113,0.402,1144636,23761,39.1,72840,3409,9.9,27366,5326,5869,148768870,968,57856,5014,13585
IR 950 x 534.2,677.418,950,28.4,424,51.1,784,75,44,534.2,139.7,112,0.437,1032254,21631,38.9,65348,3081,9.8,24745,4785,4495,132119647,955,51613,4556,12307
IR 942 x 488.1,621.93424,942,25.9,422,47.0,784,71,44,488.1,139.7,112,0.476,936521,19828,38.9,59105,2802,9.8,22614,4343,3501,118424317,948,47034,4162,11209
IR 932 x 446.4,569.67628,932,24.0,424,42.7,784,67,43,446.4,139.7,112,0.516,844950,18190,38.6,54110,2556,9.7,20648,3949,2672,107145811,942,42456,3785,10193
IR 927 x 416.7,531.61184,927,22.5,422,39.9,784,64,41,416.7,139.7,111,0.551,786677,16879,38.4,49948,2360,9.7,19173,3654,2189,98284127,935,39292,3540,9488
IR 922 x 386.9,493.5474,922,21.3,422,36.6,784,61,41,386.9,139.7,110,0.598,720080,15617,38.1,45369,2163,9.6,17698,3343,1727,88616836,929,35713,3228,8718
IR 950 x 381,486.45064,950,24.4,310,43.9,816,63,33,381.0,139.7,80,0.697,699269,14666,37.8,21977,1417,6.7,17043,2245,2202,45114026,703,23975,2851,8456
IR 917 x 364.6,465.16036,917,20.3,419,34.3,784,58,41,364.6,139.7,110,0.638,670133,14666,38.1,42039,2016,9.5,16551,3114,1440,81903439,923,33257,3015,8161
IR 942 x 345.3,439.35396,942,22.1,307,39.9,816,59,32,345.3,139.7,79,0.768,624347,13257,37.6,19480,1265,6.7,15338,1999,1648,39743308,697,21311,2573,7604
IR 912 x 342.3,436.12816,912,19.3,419,32.0,784,56,40,342.3,139.7,109,0.681,624347,13716,37.8,39126,1868,9.5,15453,2884,1190,75727114,923,30801,2802,7620
IR 932 x 312.5,398.70888,932,21.1,310,34.5,816,54,32,312.5,139.7,78,0.870,549425,11782,37.1,17107,1106,6.6,13650,1753,1165,34372591,697,18564,2229,6751
IR 927 x 288.7,367.7412,927,19.4,307,32.0,816,51,30,288.7,139.7,78,0.941,503640,10881,37.1,15609,1014,6.5,12569,1601,924,31150161,690,16941,2065,6211
IR 922 x 270.8,345.80576,922,18.4,307,30.0,816,49,30,270.8,139.7,77,1.004,470342,10209,36.8,14443,944,6.5,11766,1486,770,28733338,684,15734,1934,5817
IR 919 x 253,323.22516,919,17.3,305,27.9,816,47,30,253.0,139.7,77,1.075,437043,9521,36.8,13319,872,6.4,10947,1373,629,26423929,677,14526,1786,5408
IR 914 x 238.1,303.2252,914,16.5,305,25.9,816,45,29,238.1,139.7,77,1.157,406242,8882,36.6,12279,805,6.4,10226,1267,516,24248789,677,13361,1655,5047
IR 912 x 223.2,285.16072,912,15.9,305,23.9,816,43,29,223.2,139.7,76,1.252,376273,8259,36.3,11238,739,6.3,9521,1162,420,22100502,677,12237,1526,4703
IR 904 x 200.9,256.12852,904,15.2,305,20.1,816,39,29,200.9,139.7,74,1.484,324661,7194,35.6,9365,618,6.0,8341,978,291,18260439,671,10198,1277,4113
IR 977 x 921.2,1167.7396,977,50.0,430,89.9,756,111,44,921.2,139.7,115,0.252,1739847,35560,38.6,119458,5572,10.1,41951,8800,23600,233626204,955,91987,7587,20975
IR 963 x 843.8,1070.9656,963,46.0,425,83.1,756,103,43,843.8,139.7,113,0.272,1569192,32610,38.4,107388,5047,10.0,38182,7948,18481,206235546,935,82830,6965,19173
IR 949 x 766.4,974.1916,949,41.9,421,75.9,756,97,41,766.4,139.7,112,0.295,1402700,29661,37.8,95317,4523,9.9,34577,7096,14069,180456103,923,73673,6309,17370
IR 935 x 696.5,883.8692,935,38.6,418,69.1,756,89,40,696.5,139.7,111,0.323,1252857,26711,37.6,84495,4048,9.8,30972,6342,10656,157630554,903,65348,5703,15519
IR 923 x 631,799.9984,923,35.1,414,63.0,756,84,37,631.0,139.7,110,0.354,1119663,24253,37.3,74922,3622,9.7,27858,5654,8033,138027436,890,58272,5162,13962
IR 914 x 575.9,735.4824,914,32.0,411,57.9,756,78,35,575.9,139.7,109,0.382,1011442,22123,37.1,67429,3277,9.6,25564,5113,6160,123257963,877,52445,4703,12733
IR 904 x 526.8,670.9664,904,29.5,409,53.1,752,73,35,526.8,139.7,108,0.417,915709,20320,36.8,60770,2966,9.5,23270,4621,4787,109831170,871,47034,4277,11569
IR 894 x 473.2,603.86976,894,26.4,406,48.0,752,68,33,473.2,139.7,108,0.457,811651,18190,36.8,53694,2638,9.4,20812,4097,3513,95867305,858,41623,3851,10340
IR 884 x 433.1,552.90212,884,24.4,404,43.9,752,64,33,433.1,139.7,107,0.500,736730,16715,36.6,48283,2393,9.3,19009,3703,2710,85394406,852,37711,3507,9406
IR 876 x 391.4,499.999,876,22.1,401,39.9,752,60,32,391.4,139.7,106,0.547,661808,15060,36.3,43288,2147,9.3,17043,3310,2027,75727114,839,33631,3163,8456
IR 869 x 358.6,458.0636,869,21.1,404,35.6,752,56,32,358.6,139.7,106,0.606,591049,13618,35.8,38834,1934,9.2,15404,2982,1507,67402503,839,30010,2819,7636
IR 861 x 328.9,420.64432,861,19.7,401,32.3,752,52,30,328.9,139.7,105,0.661,536939,12438,35.8,34963,1737,9.1,14044,2687,1157,60152034,832,27055,2556,6948
IR 856 x 299.1,381.93472,856,18.2,399,29.2,752,49,30,299.1,139.7,105,0.732,482828,11242,35.6,31176,1560,9.0,12667,2409,866,53170102,826,24141,2311,6276
IR 859 x 251.5,319.3542,859,17.0,292,31.0,752,49,30,251.5,139.7,75,0.949,386679,8997,34.8,12903,883,6.4,10307,1383,737,22127355,605,13694,1770,5096
IR 851 x 226.2,289.03168,851,16.1,295,26.9,752,45,29,226.2,139.7,75,1.079,339645,7981,34.3,11363,773,6.3,9160,1211,516,19280875,605,11904,1532,4523
IR 846 x 209.8,268.38656,846,15.4,292,24.4,752,42,29,209.8,139.7,74,1.185,310092,7341,34.0,10239,700,6.2,8423,1096,404,17266856,602,10739,1390,4162
IR 841 x 193.5,247.09628,841,14.7,292,21.7,752,40,29,193.5,139.7,73,1.323,279291,6653,33.5,9074,621,6.1,7653,975,307,15199130,599,9490,1234,3769
IR 836 x 175.6,223.87052,836,14.0,292,18.8,752,37,29,175.6,139.7,72,1.524,245577,5883,33.0,7784,534,5.9,6801,841,221,12943429,595,8158,1064,3343
IR 899 x 864.6,1096.772,899,50.0,411,89.9,679,110,43,864.6,139.7,110,0.244,1373564,30644,35.3,105307,5113,9.8,36215,8062,22352,170788811,832,77003,6588,18190
IR 883 x 782.8,993.5464,883,45.5,407,82.0,679,102,41,782.8,139.7,109,0.264,1219558,27530,35.1,92820,4556,9.7,32610,7178,16857,147694727,813,67846,5965,16272
IR 869 x 709.9,903.224,869,41.4,403,74.9,679,95,40,709.9,139.7,108,0.287,1086364,25072,34.8,81998,4080,9.5,29333,6391,12778,128897216,800,60354,5391,14683
IR 855 x 644.4,819.3532,855,38.1,399,68.1,679,87,38,644.4,139.7,107,0.315,965657,22614,34.3,72840,3638,9.4,26383,5703,9615,111979457,787,53278,4867,13192
IR 843 x 581.9,741.934,843,34.5,396,62.0,673,82,38,581.9,139.7,106,0.343,861599,20484,34.0,64516,3245,9.3,23761,5080,7201,98284127,774,47450,4375,11815
IR 833 x 531.3,677.418,833,31.5,394,56.9,679,77,35,531.3,139.7,105,0.374,778353,18681,33.8,57856,2933,9.2,21631,4572,5578,87274157,761,42456,3998,10717
IR 823 x 485.1,618.06328,823,29.0,391,52.1,673,72,35,485.1,139.7,104,0.406,699269,17043,33.5,51613,2655,9.1,19501,4130,4287,76801258,755,38252,3622,9701
IR 813 x 434.5,554.19244,813,25.9,389,47.0,673,67,33,434.5,139.7,103,0.445,620185,15240,33.5,45785,2360,9.1,17370,3654,3130,67133967,742,33798,3261,8652
IR 803 x 388.4,496.12804,803,23.6,386,41.9,673,62,33,388.4,139.7,102,0.496,545263,13585,33.3,39917,2081,9.0,15453,3212,2252,57735211,735,29552,2884,7669
IR 795 x 349.7,446.45072,795,21.1,384,38.1,673,58,32,349.7,139.7,102,0.547,486991,12258,33.0,35588,1868,8.9,13880,2868,1677,51021815,723,26347,2606,6883
IR 785 x 314,401.28952,785,19.7,384,33.5,673,53,30,314.0,139.7,101,0.614,428718,10897,32.8,31509,1639,8.9,12307,2540,1182,44576954,723,23142,2294,6096
IR 780 x 284.2,363.22508,780,18.0,381,30.2,673,50,30,284.2,139.7,101,0.677,382933,9832,32.5,28012,1467,8.8,11061,2261,874,39206237,716,20562,2048,5473
IR 772 x 257.5,329.0316,772,16.6,381,27.2,673,47,29,257.5,139.7,100,0.752,342558,8865,32.3,24891,1308,8.7,9947,2016,649,34641127,710,18273,1835,4916
IR 780 x 220.2,280.6446,780,16.5,267,30.0,673,46,29,220.2,139.7,69,0.976,278043,7145,31.5,9448,710,5.8,8194,1114,604,13265672,499,9948,1401,4048
IR 770 x 196.4,250.96724,770,15.6,267,25.4,673,42,29,196.4,139.7,68,1.130,240166,6227,31.0,8158,610,5.7,7161,957,405,11305360,499,8491,1193,3540
IR 767 x 184.5,235.4834,767,14.9,267,23.6,673,40,29,184.5,139.7,68,1.217,223100,5817,30.7,7534,564,5.7,6686,885,333,10392338,496,7825,1106,3310
IR 762 x 172.6,220.64472,762,14.4,267,21.6,673,38,29,172.6,139.7,67,1.323,205202,5391,30.5,6826,513,5.6,6194,806,268,9371902,494,7118,1008,3064
IR 757 x 160.7,204.51572,757,13.8,267,19.3,673,36,29,160.7,139.7,66,1.476,186055,4900,30.2,6077,457,5.5,5670,719,208,8270905,491,6327,898,2786
IR 754 x 147.3,187.74156,754,13.2,267,17.0,673,34,27,147.3,139.7,65,1.665,166076,4408,29.7,5328,401,5.3,5113,633,157,7223615,488,5536,790,2524
IR 749 x 133.9,170.32224,749,11.9,264,15.5,673,32,27,133.9,139.7,65,1.831,150260,4015,29.7,4787,362,5.3,4638,569,118,6444861,485,4953,718,2278
IR 826 x 802.1,1025.8044,826,50.0,389,89.9,600,110,46,802.1,139.7,104,0.236,1065552,25728,32.3,87825,4539,9.3,30972,7161,20645,118961389,716,62018,5588,15437
IR 812 x 735.2,935.482,812,46.0,383,83.1,610,102,40,735.2,139.7,103,0.256,953170,23597,32.0,78668,4097,9.2,28022,6457,16275,103654845,697,55775,5129,14027
IR 798 x 666.7,845.1596,798,41.9,379,75.9,610,94,38,666.7,139.7,102,0.276,849112,21303,31.8,69511,3671,9.1,25072,5752,12362,90228051,684,49532,4638,12553
IR 784 x 605.7,767.7404,784,38.6,376,69.1,610,87,37,605.7,139.7,101,0.303,753379,19173,31.2,61602,3277,8.9,22614,5129,9365,78143937,671,43704,4179,11274
IR 772 x 547.6,696.7728,772,35.1,373,63.0,600,83,38,547.6,139.7,100,0.331,674295,17370,31.0,54526,2933,8.8,20320,4572,7076,68476646,658,38710,3769,10144
IR 762 x 500,638.06324,762,32.0,371,57.9,600,78,37,500.0,139.7,99,0.354,607698,15928,30.7,49115,2655,8.8,18517,4130,5453,60957642,652,34797,3441,9210
IR 752 x 456.9,583.22464,752,29.5,366,53.1,600,73,37,456.9,139.7,98,0.386,545263,14535,30.5,43704,2393,8.7,16879,3720,4204,53438638,641,31217,3130,8341
IR 744 x 418.2,534.83764,744,26.9,366,49.0,600,69,35,418.2,139.7,98,0.417,495315,13339,30.5,39667,2179,8.6,15338,3376,3309,47799384,634,28304,2868,7620
IR 737 x 383.9,490.3216,737,24.9,363,45.0,600,65,33,383.9,139.7,97,0.453,449530,12208,30.2,35754,1966,8.5,13962,3064,2564,42697203,626,25515,2622,6932
IR 729 x 349.7,447.74104,729,23.1,361,40.9,600,61,33,349.7,139.7,96,0.492,403744,11094,30.0,32008,1770,8.5,12651,2753,1956,37863557,619,22809,2376,6276
IR 721 x 322.9,412.9024,721,21.1,358,38.1,600,58,32,322.9,139.7,96,0.528,370862,10275,30.0,29303,1635,8.4,11651,2524,1565,34372591,613,20936,2196,5768
IR 714 x 288.7,369.03152,714,19.1,356,34.0,600,54,30,288.7,139.7,95,0.587,327158,9160,29.7,25765,1444,8.4,10340,2229,1128,29807481,606,18397,1950,5113
IR 706 x 264.9,338.709,706,18.4,358,30.2,600,50,30,264.9,139.7,94,0.654,292194,8275,29.5,23101,1291,8.3,9341,1999,837,26397076,605,16358,1737,4621
IR 701 x 239.6,307.09616,701,16.8,356,27.4,600,47,30,239.6,139.7,94,0.717,262642,7505,29.2,20687,1162,8.2,8439,1786,629,23443181,599,14651,1567,4162
IR 696 x 217.3,278.06396,696,15.4,356,24.8,600,45,29,217.3,139.7,93,0.791,235587,6784,29.2,18439,1041,8.1,7604,1601,470,20730969,595,13070,1409,3753
IR 701 x 192,243.87048,701,15.5,254,27.9,600,43,29,192.0,139.7,66,0.988,198126,5654,28.4,7659,603,5.6,6473,944,462,8700562,428,7617,1124,3195
IR 693 x 169.7,216.1286,693,14.5,257,23.6,600,39,29,169.7,139.7,66,1.146,169822,4900,27.9,6618,516,5.5,5621,808,305,7411590,428,6452,954,2786
IR 688 x 151.8,193.548,688,13.1,254,21.1,600,36,27,151.8,139.7,65,1.283,150676,4375,27.9,5786,456,5.5,4998,711,220,6444861,424,5702,849,2474
IR 683 x 139.9,178.70932,683,12.4,254,18.9,600,34,27,139.9,139.7,64,1.425,136108,3982,27.7,5161,406,5.4,4556,636,168,5692960,422,5078,759,2245
IR 678 x 125,159.99968,678,11.7,253,16.3,600,31,27,125.0,139.7,63,1.650,118626,3490,27.2,4412,347,5.3,3998,544,117,4833646,419,4287,649,1966
IR 753 x 732.2,929.0304,753,50.0,359,89.9,533,110,40,732.2,139.7,97,0.232,795002,21139,29.2,69511,3884,8.7,25400,6145,18980,75995650,594,47867,4605,12684
IR 739 x 669.7,851.6112,739,46.0,354,83.1,533,103,38,669.7,139.7,96,0.252,711756,19173,29.0,62018,3507,8.5,23106,5522,14859,66328359,581,42872,4211,11520
IR 725 x 607.2,767.7404,725,41.9,351,75.9,533,95,35,607.2,139.7,94,0.272,628509,17370,28.7,54943,3130,8.5,20484,4916,11280,57466676,568,37835,3818,10258
IR 711 x 550.6,703.2244,711,38.6,348,69.1,527,82,40,550.6,139.7,93,0.295,557750,15682,28.2,48283,2786,8.3,18517,4375,8366,49679135,557,33382,3425,9275
IR 699 x 498.5,634.83744,699,35.1,343,63.0,527,76,38,498.5,139.7,92,0.323,495315,14158,27.9,42872,2491,8.2,16715,3900,6327,43234275,546,29511,3081,8325
IR 688 x 455.4,579.35368,688,32.0,340,57.9,527,71,37,455.4,139.7,91,0.350,445368,12929,27.7,38252,2245,8.1,15109,3507,4870,38132093,537,26472,2819,7538
IR 678 x 415.2,529.0312,678,29.5,338,53.1,527,66,37,415.2,139.7,91,0.378,399582,11766,27.4,34256,2032,8.1,13683,3163,3767,33566983,529,23725,2556,6817
IR 668 x 372,474.1926,668,26.4,335,48.0,527,61,35,372.0,139.7,90,0.417,353380,10553,27.2,30135,1803,8.0,12192,2802,2772,29001874,520,20895,2294,6080
IR 660 x 340.8,433.54752,660,24.4,333,43.9,527,57,33,340.8,139.7,89,0.453,318417,9636,27.2,27097,1629,7.9,11061,2524,2135,25779443,514,18772,2098,5522
IR 653 x 308,391.61212,653,22.1,330,39.9,527,53,32,308.0,139.7,88,0.496,283870,8702,26.9,24058,1455,7.8,9931,2245,1594,22610720,506,16691,1885,4949
IR 648 x 285.7,363.22508,648,20.6,330,37.1,527,50,32,285.7,139.7,88,0.531,260561,8046,26.7,22060,1340,7.8,9160,2065,1282,20516140,501,15276,1737,4556
IR 640 x 261.9,333.54772,640,19.1,328,34.0,527,47,30,261.9,139.7,87,0.575,236419,7374,26.7,19937,1218,7.7,8374,1885,995,18367853,497,13861,1593,4162
IR 635 x 241.1,307.74132,635,17.9,330,31.0,527,44,30,241.1,139.7,88,0.622,215192,6784,26.4,18439,1121,7.7,7669,1721,770,16810345,497,12653,1455,3818
IR 627 x 217.3,277.4188,627,16.5,328,27.7,527,40,29,217.3,139.7,87,0.693,190634,6080,26.2,16275,991,7.6,6850,1527,558,14688912,492,11155,1293,3409
IR 622 x 194.9,248.3866,622,15.4,328,24.4,527,37,29,194.9,139.7,86,0.780,167325,5391,25.9,14152,869,7.5,6063,1336,395,12621186,488,9698,1132,3015
IR 617 x 174.1,221.93504,617,14.0,325,21.6,527,34,29,174.1,139.7,86,0.878,147346,4769,25.7,12362,762,7.5,5359,1170,280,10929410,483,8491,998,2655
IR 612 x 154.8,197.41896,612,12.7,325,19.1,527,32,27,154.8,139.7,85,0.992,129032,4228,25.7,10780,667,7.4,4736,1023,196,9452463,479,7409,877,2343
IR 622 x 153.3,195.48348,622,14.0,229,24.9,527,38,29,153.3,139.7,59,1.094,124869,4015,25.3,4953,434,5.1,4588,680,294,4430842,342,4870,800,2278
IR 617 x 139.9,178.70932,617,13.1,230,22.2,527,35,27,139.9,139.7,59,1.205,112382,3638,25.1,4537,393,5.0,4162,615,219,4028038,343,4370,718,2065
IR 612 x 125,159.35452,612,11.9,229,19.6,527,32,27,125.0,139.7,59,1.366,98647,3212,24.9,3929,342,5.0,3671,534,154,3437259,339,3800,629,1819
IR 607 x 113.1,144.51584,607,11.2,228,17.3,527,30,27,113.1,139.7,58,1.539,87409,2884,24.6,3434,302,4.9,3277,469,112,2980748,337,3322,554,1622
IR 602 x 101.2,129.67716,602,10.5,228,14.9,527,28,27,101.2,139.7,57,1.780,76170,2524,24.3,2930,257,4.7,2901,401,78,2532293,335,2830,474,1427
IR 602 x 92.3,118.06428,602,10.9,179,15.0,527,30,27,92.3,88.9,43,2.252,64932,2163,23.5,1436,161,3.5,2524,259,74,1240636,263,1761,370,1236
IR 599 x 81.8,105.16108,599,10.0,178,12.8,527,28,25,81.8,88.9,43,2.622,56607,1885,23.2,1211,136,3.4,2212,220,52,1039234,261,1486,315,1080
IR 661 x 598.2,761.2888,661,43.9,340,79.5,464,98,37,598.2,139.7,92,0.244,507802,15355,25.9,52861,3097,8.3,18517,4851,12362,44308418,495,33507,3441,9242
IR 647 x 541.7,690.3212,647,40.4,337,72.4,464,92,35,541.7,139.7,91,0.264,449530,13863,25.4,46618,2753,8.2,16551,4310,9365,38132093,484,29511,3097,8275
IR 635 x 495.6,631.61164,635,37.1,334,66.5,464,86,33,495.6,139.7,90,0.287,399998,12602,25.2,41373,2474,8.1,14994,3884,7242,33298448,474,26306,2819,7489
IR 623 x 446.4,569.03112,623,33.5,330,60.5,464,79,32,446.4,139.7,89,0.307,352964,11340,24.9,36337,2196,8.0,13372,3441,5411,28733338,464,23142,2524,6686
IR 613 x 409.2,521.28928,613,31.0,327,55.6,464,76,30,409.2,139.7,88,0.335,317168,10357,24.7,32674,1999,7.9,12143,3097,4204,25269225,456,20770,2311,6063
IR 603 x 369.1,469.67648,603,27.9,324,50.5,464,70,29,369.1,139.7,88,0.370,281372,9324,24.5,28886,1786,7.8,10865,2769,3130,21966234,448,18356,2081,5424
IR 593 x 331.9,421.93464,593,25.4,322,45.5,464,65,27,331.9,139.7,87,0.402,247658,8357,24.2,25348,1575,7.7,9652,2442,2285,18958632,441,16150,1852,4834
IR 584 x 299.1,381.93472,584,23.1,320,41.4,457,54,33,299.1,139.7,86,0.441,221019,7554,24.1,22560,1411,7.7,8685,2179,1702,16676077,434,14360,1671,4326
IR 577 x 270.8,345.80576,577,21.1,318,37.6,457,50,32,270.8,139.7,85,0.484,196877,6833,23.9,20104,1265,7.6,7800,1950,1278,14635205,428,12778,1503,3884
IR 572 x 247,314.83808,572,19.1,315,34.5,457,47,30,247.0,139.7,85,0.524,178147,6227,23.8,18106,1147,7.6,7079,1770,982,13023990,423,11530,1373,3523
IR 561 x 218.8,278.70912,561,18.3,318,29.2,457,42,30,218.8,139.7,85,0.602,151092,5391,23.3,15650,985,7.5,6112,1517,641,11036824,422,9781,1162,3048
IR 554 x 196.4,250.32208,554,16.5,315,26.2,457,39,29,196.4,139.7,84,0.669,134027,4834,23.2,13861,877,7.4,5457,1349,470,9667291,417,8658,1039,2720
IR 551 x 181.6,231.61244,551,15.2,315,24.4,457,37,29,181.6,139.7,84,0.717,123205,4474,23.1,12695,806,7.4,5031,1239,374,8781123,414,7950,960,2507
IR 546 x 165.2,210.96732,546,14.0,312,22.2,457,35,29,165.2,139.7,83,0.783,111134,4080,23.0,11405,729,7.4,4572,1118,284,7841247,411,7159,872,2261
IR 544 x 150.3,192.25768,544,12.7,312,20.3,457,33,27,150.3,139.7,83,0.854,100728,3720,22.9,10323,660,7.3,4146,1011,217,7035640,408,6452,795,2048
IR 549 x 138.4,176.12868,549,14.7,214,23.6,467,36,24,138.4,139.7,55,1.087,86160,3146,22.1,3867,362,4.7,3622,569,251,2669247,281,3550,618,1786
IR 544 x 123.5,156.77388,544,13.1,212,21.2,467,34,22,123.5,139.7,55,1.209,76170,2802,22.0,3388,320,4.6,3212,500,181,2317465,277,3122,552,1590
IR 538 x 108.6,138.7094,538,11.6,211,18.8,467,31,22,108.6,139.7,54,1.362,66597,2474,21.9,2939,279,4.6,2819,436,126,1992536,274,2714,487,1395
IR 536 x 101.2,129.032,536,10.9,210,17.4,467,30,22,101.2,139.7,54,1.469,61602,2294,21.8,2693,257,4.6,2622,400,102,1815302,273,2493,449,1293
IR 533 x 92.3,118.06428,533,10.2,209,15.6,467,28,21,92.3,139.7,53,1.630,55359,2081,21.7,2393,229,4.5,2360,356,76,1603159,271,2214,403,1165
IR 536 x 84.8,107.74172,536,10.3,167,16.5,467,29,21,84.8,88.9,42,1.945,48699,1819,21.2,1274,153,3.4,2114,243,74,856629,215,1482,334,1036
IR 528 x 81.8,104.51592,528,9.5,209,13.3,467,26,21,81.8,139.7,53,1.909,47450,1803,21.3,2015,193,4.4,2065,302,52,1337309,269,1861,341,1013
IR 528 x 74.4,94.83852,528,9.7,166,13.6,467,26,21,74.4,88.9,41,2.346,40957,1549,20.8,1036,125,3.3,1803,200,47,687452,214,1203,274,885
IR 523 x 71.4,90.96756,523,8.9,207,10.9,467,24,21,71.4,139.7,52,2.319,39917,1524,20.9,1611,156,4.2,1753,244,33,1058031,265,1498,277,859
IR 526 x 65.5,83.8708,526,8.9,165,11.4,467,24,21,65.5,88.9,40,2.780,35088,1337,20.5,862,104,3.2,1563,167,32,566611,212,999,229,764
IR 567 x 462.8,590.3214,567,38.6,305,69.6,394,87,30,462.8,139.7,83,0.268,289697,10226,22.1,33090,2163,7.5,12339,3392,7367,20328165,379,20104,2311,6162
IR 555 x 421.1,536.77312,555,35.6,302,63.5,394,81,30,421.1,139.7,82,0.291,256399,9242,21.9,29303,1934,7.4,11078,3032,5619,17615953,371,17773,2081,5539
IR 545 x 383.9,489.67644,545,32.5,299,58.4,394,76,29,383.9,139.7,81,0.311,229344,8423,21.7,26139,1753,7.3,10013,2720,4329,15413959,364,15900,1901,5014
IR 535 x 348.2,443.87008,535,29.5,296,53.6,394,70,25,348.2,139.7,80,0.339,203953,7636,21.4,23226,1570,7.2,8997,2442,3317,13399940,356,14110,1721,4490
IR 525 x 314,400.64436,525,26.9,293,48.5,394,65,25,314.0,139.7,80,0.370,180228,6866,21.2,20520,1398,7.2,8030,2163,2468,11600749,350,12445,1545,4015
IR 517 x 285.7,363.87024,517,24.4,291,44.5,394,62,24,285.7,139.7,79,0.402,161082,6227,21.0,18314,1259,7.1,7243,1950,1881,10177509,344,11113,1404,3622
IR 508 x 260.4,330.96708,508,22.6,290,40.4,384,51,32,260.4,139.7,78,0.437,143600,5637,20.8,16275,1127,7.0,6522,1737,1407,8942244,339,9865,1260,3245
IR 500 x 235.1,298.70908,500,20.6,287,36.6,384,47,32,235.1,139.7,77,0.476,127367,5080,20.6,14443,1006,7.0,5834,1553,1049,7787540,333,8741,1131,2901
IR 495 x 212.8,271.61236,495,18.5,284,33.5,384,44,30,212.8,139.7,77,0.520,114464,4621,20.5,12945,909,6.9,5277,1399,799,6901372,329,7867,1031,2622
IR 490 x 193.5,246.45112,490,17.0,284,30.5,384,41,30,193.5,139.7,76,0.567,102393,4195,20.4,11571,818,6.9,4752,1257,604,6068911,325,7034,931,2376
IR 483 x 177.1,226.45116,483,16.6,287,26.9,384,37,30,177.1,139.7,77,0.626,91155,3785,20.1,10531,736,6.8,4293,1132,441,5451278,325,6285,826,2130
IR 475 x 157.7,200.64476,475,15.0,284,23.9,384,34,29,157.7,139.7,76,0.701,79500,3343,19.9,9157,646,6.8,3769,991,311,4672524,321,5453,728,1885
IR 472 x 144.4,183.8706,472,13.6,282,22.1,384,32,29,144.4,139.7,76,0.756,72840,3081,19.9,8366,592,6.7,3458,906,244,4242867,319,4995,670,1721
IR 467 x 128,163.22548,467,12.2,282,19.6,384,30,27,128.0,139.7,75,0.846,63683,2720,19.7,7284,518,6.7,3048,793,171,3652088,315,4329,590,1513
IR 462 x 113.1,143.87068,462,10.8,279,17.3,384,27,27,113.1,139.7,75,0.957,55359,2393,19.6,6327,452,6.6,2671,692,118,3141870,312,3775,518,1326
IR 470 x 105.7,134.19328,470,12.6,194,20.6,394,31,22,105.7,88.9,50,1.177,48699,2081,19.1,2510,259,4.3,2393,405,145,1262119,217,2169,418,1183
IR 467 x 96.7,123.22556,467,11.4,193,19.1,394,29,22,96.7,88.9,50,1.268,44537,1917,19.0,2281,236,4.3,2179,369,114,1138592,215,1977,387,1083
IR 462 x 89.3,113.54816,462,10.5,192,17.7,394,28,21,89.3,88.9,50,1.366,40957,1770,19.0,2085,218,4.3,2016,338,90,1036548,214,1811,357,996
IR 460 x 81.8,104.51592,460,9.9,191,16.0,394,26,21,81.8,88.9,50,1.504,37045,1611,18.8,1869,195,4.2,1835,303,69,921078,212,1623,323,906
IR 457 x 74.4,94.83852,457,9.0,191,14.5,394,25,21,74.4,88.9,49,1.657,33299,1457,18.7,1669,175,4.2,1655,272,52,816349,210,1453,290,816
IR 460 x 68.5,87.0966,460,9.1,154,15.4,394,26,21,68.5,88.9,39,1.941,29636,1291,18.4,937,122,3.3,1486,192,51,459196,170,1007,246,734
IR 455 x 59.5,76.12888,455,8.0,153,13.3,394,24,21,59.5,88.9,39,2.232,25473,1121,18.3,795,104,3.2,1285,163,34,386692,168,857,213,633
IR 450 x 52.1,66.45148,450,7.6,152,10.8,394,21,19,52.1,88.9,38,2.732,21228,944,17.9,637,84,3.1,1090,132,21,306131,167,687,172,536
IR 432 x 148.8,191.61252,432,14.9,264,25.0,337,43,29,148.8,139.7,71,0.650,62435,2901,18.0,7742,585,6.4,3277,901,342,3195577,269,4454,634,1614
IR 427 x 132.4,170.32224,427,13.3,264,22.2,337,40,27,132.4,139.7,71,0.728,54526,2573,17.9,6785,515,6.3,2901,790,243,2765919,265,3883,560,1422
IR 419 x 114.6,147.74164,419,11.6,262,19.3,337,37,27,114.6,139.7,70,0.831,46618,2229,17.8,5744,441,6.2,2491,675,161,2301352,262,3301,483,1221
IR 414 x 99.7,129.032,414,10.0,259,16.9,337,35,25,99.7,139.7,70,0.945,40374,1950,17.7,4953,380,6.2,2163,583,109,1960312,259,2839,420,1055
IR 417 x 84.8,108.38688,417,10.9,181,18.2,346,28,22,84.8,88.9,47,1.272,31550,1511,17.1,1794,198,4.1,1721,310,92,714305,181,1482,308,854
IR 414 x 74.4,94.83852,414,9.7,180,16.0,346,26,21,74.4,88.9,47,1.437,27430,1327,17.0,1548,172,4.0,1508,267,63,609576,178,1282,270,746
IR 409 x 67,85.80628,409,8.8,179,14.4,346,25,21,67.0,88.9,46,1.598,24391,1191,16.9,1365,153,4.0,1349,238,46,534386,177,1132,241,665
IR 406 x 59.5,76.12888,406,7.7,178,12.8,346,23,21,59.5,88.9,46,1.783,21561,1060,16.8,1203,135,4.0,1196,208,33,467252,175,995,215,590
IR 404 x 53.6,68.38696,404,7.5,178,10.9,346,21,19,53.6,88.9,45,2.079,18647,926,16.5,1020,115,3.9,1049,177,23,392062,174,841,182,516
IR 404 x 46.1,58.903108,404,7.0,140,11.2,346,21,19,46.1,69.85,35,2.571,15609,773,16.3,516,74,3.0,885,115,19,198448,137,541,146,434
IR 399 x 38.7,49.548288,399,6.4,140,8.8,346,19,19,38.7,69.85,35,3.256,12529,629,15.9,399,57,2.8,724,90,11,151723,136,416,114,354
IR 579 x 1202.4,1529.0292,579,95.0,472,130.0,254,145,78,1202.4,190.5,131,0.094,665970,22942,20.8,229344,9734,12.2,29988,15191,76587,116276030,530,81165,5506,15011
IR 569 x 1086.4,1387.094,569,78.0,455,124.7,254,140,70,1086.4,190.5,127,0.102,595211,20975,20.8,196461,8636,11.9,27203,13372,60354,97209984,505,71592,5227,13601
IR 549 x 989.6,1264.5136,549,71.9,450,114.8,254,130,67,989.6,190.5,125,0.106,516127,18845,20.3,173569,7735,11.7,24253,11963,46618,82171975,487,62851,4703,12110
IR 531 x 900.3,1148.3848,531,66.0,442,105.7,254,121,64,900.3,190.5,123,0.114,449530,17043,19.8,153173,6932,11.6,21631,10684,36171,69282254,471,54943,4228,10799
IR 513 x 818.5,1045.1592,513,60.5,437,97.0,254,112,60,818.5,190.5,122,0.122,392506,15256,19.4,135275,6194,11.4,19337,9554,27846,58809355,455,48283,3802,9619
IR 498 x 744.1,948.3852,498,55.6,432,88.9,254,104,59,744.1,190.5,120,0.130,341726,13732,19.0,119875,5555,11.3,17206,8554,21394,50216207,442,42456,3425,8570
IR 483 x 677.1,864.5144,483,51.3,427,81.5,254,97,57,677.1,190.5,119,0.138,299270,12389,18.6,106555,4982,11.1,15338,7669,16441,42965739,429,37419,3081,7653
IR 475 x 634,806.45,475,47.8,424,77.2,254,92,54,634.0,139.7,118,0.146,274713,11569,18.4,98231,4638,11.0,14240,7112,13777,38669165,421,34422,2884,7096
IR 465 x 592.3,754.8372,465,45.0,422,72.4,254,87,54,592.3,139.7,117,0.154,249739,10750,18.2,90322,4293,10.9,13126,6588,11363,34641127,414,31467,2671,6555
IR 455 x 550.6,703.2244,455,42.2,419,67.6,254,83,52,550.6,139.7,116,0.161,226430,9947,18.0,82830,3949,10.8,12061,6063,9240,31150161,406,28678,2458,6014
IR 445 x 509,651.6116,445,39.1,417,62.7,254,78,51,509.0,139.7,115,0.169,203953,9144,17.7,75338,3622,10.8,11012,5539,7409,27659194,397,25931,2261,5490
IR 434 x 462.8,589.67624,434,35.8,411,57.4,254,73,49,462.8,139.7,114,0.185,180228,8292,17.5,67013,3261,10.7,9881,4982,5661,23872839,389,23018,2032,4933
IR 424 x 421.1,537.41828,424,32.8,409,52.6,254,68,48,421.1,139.7,113,0.197,159833,7522,17.2,59937,2933,10.6,8882,4490,4329,20811530,381,20520,1852,4425
IR 417 x 382.5,487.74096,417,30.0,406,48.0,254,63,46,382.5,139.7,113,0.213,141519,6801,17.0,53694,2638,10.5,7981,4031,3292,18179878,374,18231,1655,3966
IR 406 x 346.7,441.9346,406,27.2,404,43.7,254,59,44,346.7,139.7,112,0.232,125286,6145,16.8,47867,2376,10.4,7145,3622,2477,15843616,367,16191,1496,3556
IR 399 x 314,399.9992,399,24.9,401,39.6,254,55,43,314.0,139.7,111,0.252,110718,5539,16.6,42872,2130,10.3,6391,3245,1856,13856451,361,14360,1340,3179
IR 394 x 287.2,366.45088,394,22.6,399,36.6,254,52,43,287.2,139.7,110,0.268,99896,5080,16.5,38751,1950,10.3,5817,2950,1448,12325796,355,12986,1227,2884
IR 386 x 261.9,334.19288,386,21.1,399,33.3,254,49,41,261.9,139.7,110,0.291,89074,4605,16.3,34880,1753,10.2,5244,2671,1103,10875703,351,11613,1106,2606
IR 381 x 236.6,301.28972,381,18.9,396,30.2,254,45,40,236.6,139.7,109,0.319,79084,4162,16.2,31134,1576,10.2,4703,2393,820,9559877,346,10323,996,2327
IR 376 x 215.8,275.48332,376,17.3,394,27.7,254,43,40,215.8,139.7,109,0.343,71176,3802,16.1,28179,1431,10.1,4261,2179,633,8512587,342,9324,906,2114
IR 373 x 196.4,250.32208,373,16.4,373,26.2,254,41,40,196.4,139.7,103,0.382,63683,3425,16.0,22809,1221,9.6,3835,1852,512,6847665,324,7908,810,1901
IR 368 x 178.6,227.74148,368,15.0,373,23.9,254,39,38,178.6,139.7,103,0.413,57440,3114,15.8,20603,1106,9.5,3474,1671,390,6095764,321,7118,734,1721
IR 363 x 162.2,206.4512,363,13.3,371,21.8,254,37,38,162.2,139.7,102,0.449,51613,2835,15.8,18606,1003,9.5,3146,1519,296,5424425,317,6410,667,1555
IR 361 x 147.3,187.74156,361,12.3,371,19.8,254,35,37,147.3,139.7,102,0.492,46202,2573,15.7,16733,905,9.4,2835,1370,224,4833646,314,5744,601,1403
IR 356 x 133.9,170.9674,356,11.2,368,18.0,254,33,37,133.9,139.7,101,0.535,41582,2343,15.6,15068,818,9.4,2573,1239,169,4296574,312,5203,546,1267
IR 363 x 122,154.8384,363,13.0,257,21.7,276,37,27,122.0,139.7,70,0.650,36670,2016,15.4,6160,480,6.3,2278,734,211,1799190,220,3072,454,1121
IR 361 x 110.1,140.64488,361,11.4,257,19.9,276,35,27,110.1,139.7,69,0.705,33090,1835,15.3,5578,436,6.3,2065,664,161,1611215,217,2772,415,1013
IR 356 x 101.2,129.032,356,10.5,254,18.3,276,33,27,101.2,139.7,69,0.764,30052,1688,15.3,5036,397,6.2,1885,605,125,1442038,215,2514,379,924
IR 353 x 90.8,115.48364,353,9.5,254,16.4,276,31,25,90.8,139.7,69,0.846,26639,1509,15.2,4454,352,6.2,1671,537,91,1259433,214,2219,336,821
IR 353 x 78.9,100.64496,353,9.4,205,16.8,276,32,25,78.9,139.7,55,1.031,22518,1275,15.0,2402,234,4.9,1427,361,81,682081,172,1478,275,698
IR 351 x 71.4,90.96756,351,8.6,204,15.1,276,30,25,71.4,139.7,54,1.138,20146,1150,14.9,2139,210,4.9,1285,321,60,601520,171,1315,247,628
IR 348 x 64,81.29016,348,7.7,203,13.5,276,28,25,64.0,139.7,54,1.268,17815,1026,14.8,1881,185,4.8,1141,283,44,523645,169,1157,220,556
IR 358 x 56.6,72.25792,358,7.9,172,13.1,295,23,21,56.6,88.9,45,1.591,16025,895,14.9,1111,129,3.9,1008,198,33,330299,148,832,185,497
IR 356 x 50.6,64.516,356,7.2,171,11.6,295,22,19,50.6,88.9,45,1.795,14152,796,14.8,970,113,3.9,895,174,24,287333,147,728,163,439
IR 351 x 44.6,57.09666,351,6.9,171,9.8,295,20,19,44.6,88.9,44,2.102,12112,688,14.6,816,95,3.8,775,147,16,238191,146,612,137,380
IR 353 x 38.7,49.612804,353,6.5,128,10.7,295,21,19,38.7,69.85,33,2.594,10198,578,14.4,371,58,2.7,659,91,15,108757,109,372,111,323
IR 348 x 32.7,41.870884,348,5.8,127,8.5,295,19,19,32.7,69.85,32,3.228,8283,475,14.1,291,46,2.6,544,72,9,84320,108,292,88,264
IR 427 x 500,637.41808,427,45.2,340,75.2,232,90,43,500.0,139.7,94,0.169,168990,7915,16.3,49532,2901,8.8,9881,4490,10114,15360252,299,19105,1950,4933
IR 414 x 453.9,578.06336,414,41.4,335,68.8,232,84,41,453.9,139.7,93,0.181,147762,7128,16.0,43704,2606,8.7,8800,3998,7700,13077697,290,16774,1753,4392
IR 404 x 415.2,528.38604,404,38.9,333,62.7,232,78,41,415.2,139.7,92,0.193,129448,6440,15.6,39001,2343,8.6,7882,3605,5952,11251653,284,14859,1572,3933
IR 391 x 375,477.4184,391,35.6,330,57.2,232,72,38,375.0,139.7,91,0.209,113215,5785,15.4,34464,2081,8.5,7014,3212,4495,9613584,276,13028,1408,3490
IR 384 x 342.3,436.77332,384,32.8,328,52.6,232,68,38,342.3,139.7,90,0.220,100728,5260,15.2,30884,1885,8.4,6325,2901,3488,8405173,270,11613,1278,3146
IR 373 x 312.5,398.70888,373,30.0,325,48.3,232,64,37,312.5,139.7,90,0.240,89074,4785,15.0,27638,1704,8.3,5703,2606,2693,7304176,265,10364,1157,2835
IR 366 x 282.8,359.99928,366,26.9,323,44.2,232,59,35,282.8,139.7,89,0.256,78668,4310,14.8,24516,1524,8.3,5096,2343,2031,6310593,259,9157,1044,2540
IR 356 x 253,322.58,356,24.4,320,39.6,232,55,33,253.0,139.7,88,0.283,68678,3851,14.6,21519,1349,8.2,4506,2065,1482,5397571,253,7992,926,2245
IR 348 x 226.2,288.38652,348,22.1,318,35.6,232,51,32,226.2,139.7,87,0.307,59521,3425,14.4,18897,1193,8.1,3982,1819,1074,4618817,248,6993,819,1966
IR 340 x 202.4,257.41884,340,20.1,315,31.8,232,47,32,202.4,139.7,87,0.343,51613,3048,14.2,16566,1052,8.0,3507,1606,770,3947477,243,6077,723,1737
IR 333 x 178.6,227.74148,333,18.0,312,28.2,232,43,30,178.6,139.7,86,0.378,44537,2671,14.0,14360,918,8.0,3048,1399,537,3356698,239,5245,631,1513
IR 328 x 157.7,201.28992,328,15.5,310,25.1,232,40,29,157.7,139.7,85,0.421,38834,2376,13.9,12529,808,7.9,2687,1231,380,2873334,235,4579,560,1329
IR 323 x 142.9,181.93512,323,14.0,310,22.9,232,38,29,142.9,139.7,85,0.457,34672,2147,13.8,11238,728,7.8,2409,1106,285,2526923,232,4087,506,1193
IR 318 x 129.5,165.16096,318,13.1,307,20.6,232,36,27,129.5,139.7,84,0.504,30801,1934,13.7,10031,651,7.8,2163,990,212,2223477,229,3630,452,1068
IR 315 x 117.6,149.67712,315,11.9,307,18.7,232,34,27,117.6,139.7,84,0.547,27555,1753,13.6,8991,587,7.7,1950,890,160,1965683,227,3251,406,962
IR 312 x 107.1,136.12876,312,10.9,305,17.0,232,32,27,107.1,139.7,84,0.598,24849,1596,13.5,8117,531,7.7,1770,806,122,1756225,225,2926,369,870
IR 307 x 96.7,123.22556,307,9.9,305,15.4,232,30,25,96.7,139.7,83,0.657,22185,1440,13.4,7242,477,7.7,1586,723,91,1549452,223,2610,331,780
IR 310 x 86.3,109.6772,310,9.1,254,16.3,235,31,24,86.3,139.7,69,0.748,19771,1278,13.4,4454,351,6.4,1416,533,87,958673,186,1927,292,695
IR 307 x 78.9,100.64496,307,8.8,254,14.6,235,30,24,78.9,139.7,69,0.827,17690,1157,13.3,3987,315,6.3,1277,477,66,848573,185,1715,261,624
IR 310 x 74.4,94.19336,310,9.4,205,16.3,235,29,24,74.4,139.7,55,0.929,16275,1052,13.2,2343,228,5.0,1178,349,71,504847,150,1257,233,580
IR 307 x 67,84.51596,307,8.5,204,14.6,235,27,24,67.0,139.7,55,1.028,14485,946,13.1,2081,203,5.0,1052,311,52,443084,149,1111,208,516
IR 302 x 59.5,75.48372,302,7.5,203,13.1,235,26,22,59.5,139.7,54,1.142,12778,844,13.0,1836,180,4.9,934,275,38,386692,148,982,185,457
IR 318 x 52.1,66.45148,318,7.6,167,13.2,257,21,19,52.1,88.9,44,1.441,11863,747,13.3,1020,122,3.9,839,188,31,236043,126,699,160,416
IR 312 x 44.6,56.709564,312,6.6,166,11.2,257,19,19,44.6,88.9,44,1.693,9906,633,13.2,845,102,3.9,706,157,19,193077,125,579,134,349
IR 310 x 38.7,49.35474,310,5.8,165,9.7,257,17,19,38.7,88.9,44,1.949,8491,547,13.1,720,88,3.8,610,134,12,162733,124,491,115,302
IR 312 x 32.7,41.806368,312,6.6,102,10.8,264,18,16,32.7,57.15,26,2.831,6493,416,12.5,194,38,2.2,480,60,12,44308,77,214,78,236
IR 310 x 28.3,35.935412,310,6.0,102,8.9,264,17,14,28.3,57.15,25,3.413,5411,349,12.2,157,31,2.1,405,49,7,35178,76,172,64,198
IR 305 x 23.8,30.387036,305,5.6,101,6.7,264,14,14,23.8,57.15,24,4.449,4287,280,11.9,117,23,2.0,329,37,4,26021,75,129,48,161
IR 302 x 20.8,26.838656,302,5.1,101,5.7,264,13,14,20.8,57.15,24,5.236,3688,244,11.7,98,20,1.9,285,31,3,21644,75,108,41,139
IR 290 x 166.7,212.25764,290,19.2,264,31.8,191,44,25,166.7,139.7,73,0.343,29802,2065,11.8,9823,742,6.8,2409,1134,629,1619271,170,3567,500,1200
IR 282 x 148.8,189.67704,282,17.3,262,28.4,191,41,25,148.8,139.7,72,0.378,25931,1835,11.7,8616,655,6.7,2130,1000,454,1382960,166,3109,442,1057
IR 274 x 131,167.09644,274,15.4,262,25.1,191,38,24,131.0,139.7,72,0.421,22227,1614,11.5,7451,570,6.7,1852,870,313,1165446,163,2672,385,918
IR 269 x 114.6,145.80616,269,13.5,259,22.1,191,35,22,114.6,139.7,71,0.472,18939,1408,11.4,6410,493,6.6,1599,752,213,977471,160,2285,334,791
IR 264 x 101.2,129.032,264,11.9,257,19.6,191,32,22,101.2,139.7,71,0.524,16400,1241,11.3,5578,433,6.6,1398,657,148,835147,157,1981,293,692
IR 259 x 89.3,113.54816,259,10.7,257,17.3,191,30,21,89.3,139.7,70,0.587,14193,1093,11.2,4828,377,6.5,1222,574,103,708935,155,1715,257,603
IR 257 x 80.4,101.93528,257,9.4,254,15.6,191,28,21,80.4,139.7,70,0.646,12612,983,11.1,4287,338,6.5,1091,513,76,620318,154,1523,231,539
IR 253 x 72.9,92.90304,253,8.6,254,14.2,191,27,21,72.9,139.7,70,0.701,11321,895,11.0,3888,306,6.5,990,464,58,555869,152,1374,208,487
IR 257 x 67,85.80628,257,8.9,204,15.7,191,28,21,67.0,139.7,55,0.799,10323,805,11.0,2223,218,5.1,900,333,63,322243,123,982,185,442
IR 252 x 58,74.1934,252,8.0,203,13.5,191,26,21,58.0,139.7,55,0.921,8699,690,10.8,1873,185,5.0,767,282,41,266388,121,824,156,377
IR 247 x 49.1,62.645036,247,7.4,202,11.0,191,24,19,49.1,139.7,54,1.106,7118,574,10.6,1523,151,4.9,636,229,24,212412,119,666,127,310
IR 267 x 44.6,57.032144,267,7.6,148,13.0,210,21,17,44.6,69.85,39,1.390,7076,531,11.1,695,94,3.5,600,145,26,111174,94,445,115,297
IR 262 x 38.7,49.096676,262,6.6,147,11.2,210,19,17,38.7,69.85,39,1.602,5994,457,11.0,587,80,3.5,513,123,17,92645,92,377,98,254
IR 259 x 32.7,41.870884,259,6.1,146,9.1,210,17,16,32.7,69.85,38,1.933,4912,380,10.8,475,65,3.4,426,100,10,73579,91,304,80,210
IR 259 x 28.3,36.257992,259,6.4,102,10.0,213,18,16,28.3,57.15,26,2.539,4008,308,10.5,179,35,2.2,354,55,10,27928,64,164,60,174
IR 257 x 25.3,32.193484,257,6.1,102,8.4,213,16,14,25.3,57.15,26,3.008,3409,265,10.3,148,29,2.1,306,46,6,22852,63,135,50,150
IR 254 x 22.3,28.451556,254,5.8,102,6.9,213,14,14,22.3,57.15,25,3.642,2868,226,10.0,120,24,2.1,262,38,4,18341,63,109,40,128
IR 251 x 17.9,22.838664,251,4.8,101,5.3,213,13,14,17.9,57.15,24,4.685,2239,179,9.9,91,18,2.0,206,29,2,13668,62,83,31,101
IR 229 x 99.7,127.09652,229,14.5,210,23.7,146,34,24,99.7,139.7,58,0.457,11321,990,9.4,3688,351,5.4,1149,536,210,386692,108,1344,238,570
IR 222 x 86.3,110.32236,222,13.0,209,20.6,146,30,22,86.3,139.7,57,0.516,9490,852,9.3,3126,300,5.3,980,457,139,316872,105,1132,203,487
IR 216 x 71.4,90.96756,216,10.2,206,17.4,146,27,21,71.4,139.7,57,0.602,7659,708,9.2,2535,246,5.3,803,375,82,249738,102,916,169,397
IR 210 x 59.5,75.48372,210,9.1,205,14.2,146,24,21,59.5,139.7,56,0.720,6077,582,9.0,2044,200,5.2,652,303,47,194957,100,728,136,323
IR 206 x 52.1,66.45148,206,7.9,204,12.6,146,23,21,52.1,139.7,56,0.807,5286,511,8.9,1773,174,5.2,569,264,32,166224,99,633,119,280
IR 203 x 46.1,58.838592,203,7.2,203,11.0,146,21,19,46.1,139.7,55,0.906,4579,451,8.8,1544,152,5.1,498,231,22,142593,97,545,104,246
IR 205 x 41.7,53.161184,205,7.2,166,11.8,156,22,16,41.7,88.9,45,1.043,4079,398,8.8,903,109,4.1,446,166,22,84052,80,393,90,220
IR 201 x 35.7,45.677328,201,6.2,165,10.2,156,20,14,35.7,88.9,45,1.201,3442,342,8.7,762,92,4.1,379,140,14,69551,79,330,77,185
IR 210 x 31.3,39.741856,210,6.4,134,10.2,165,18,14,31.3,69.85,36,1.547,3134,298,8.9,407,61,3.2,334,93,12,40817,67,228,65,166
IR 207 x 26.8,33.935416,207,5.8,133,8.4,165,16,14,26.8,69.85,35,1.850,2576,249,8.7,332,50,3.1,279,76,7,32761,66,185,53,137
IR 206 x 22.3,28.645104,206,6.2,102,8.0,165,16,14,22.3,57.15,26,2.524,1998,193,8.4,142,28,2.2,223,44,6,13910,50,103,38,109
IR 203 x 19.3,24.774144,203,5.8,102,6.5,165,14,14,19.3,57.15,26,3.083,1648,162,8.2,114,22,2.1,187,35,4,10956,50,82,30,91
IR 200 x 14.9,19.096736,200,4.3,100,5.2,165,13,13,14.9,57.15,25,3.846,1282,128,8.2,87,17,2.1,145,27,2,8298,49,64,24,70
IR 162 x 37.2,47.483776,162,8.1,154,11.6,114,19,14,37.2,88.9,42,0.909,2231,275,6.9,712,92,3.9,311,140,20,40280,58,259,64,154
IR 157 x 29.8,37.999924,157,6.6,153,9.3,114,17,14,29.8,88.9,42,1.110,1727,220,6.8,554,72,3.8,246,110,10,30345,57,201,50,121
IR 160 x 23.8,30.580584,160,6.6,102,10.3,114,17,14,23.8,57.15,27,1.516,1336,167,6.6,184,36,2.5,192,56,9,10258,38,101,37,95
IR 152 x 22.3,28.70962,152,5.8,152,6.6,114,14,14,22.3,88.9,41,1.516,1220,160,6.5,388,51,3.7,177,78,4,20543,55,139,35,87
IR 153 x 17.9,22.90318,153,5.8,102,7.1,114,13,14,17.9,57.15,27,2.118,920,120,6.3,124,25,2.3,136,38,4,6633,37,67,25,67
IR 150 x 13.4,17.290288,150,4.3,100,5.5,114,12,13,13.4,57.15,26,2.740,683,91,6.3,92,18,2.3,102,28,2,4780,36,50,19,50
IR 148 x 12.6,16.193516,148,4.3,100,4.9,114,11,13,12.6,57.15,26,3.004,616,83,6.2,82,17,2.3,94,25,1,4216,36,44,17,46
IR 131 x 28.3,35.870896,131,6.9,128,10.9,89,19,11,28.3,69.85,35,0.937,1095,167,5.5,380,59,3.3,190,91,13,13668,38,134,40,94
IR 127 x 23.8,30.387036,127,6.1,127,9.1,89,17,11,23.8,69.85,35,1.094,891,140,5.4,313,49,3.2,158,75,8,10903,37,109,33,78
IR 106 x 19.3,24.709628,106,7.1,103,8.8,67,15,13,19.3,57.15,28,1.169,470,89,4.4,161,31,2.5,103,48,6,3760,25,57,20,51
IR 356 x 26.8,32.90316,356,5.5,102,6.9,324,16,0,26.8,57.15,23,5.118,6160,346,13.7,110,22,1.8,408,36,5,33298,88,154,59,203
IR 305 x 17.6,22.387052,305,4.5,78,5.7,276,14,0,17.6,0,17,6.850,3005,197,11.6,45,12,1.4,234,19,2,10151,58,65,31,115
IR 305 x 16.1,20.516088,305,4.1,78,5.3,276,14,0,16.1,0,18,7.323,2776,182,11.6,42,11,1.4,216,18,2,9372,58,60,29,106
IR 305 x 14.9,19.03222,305,3.8,83,4.6,279,13,0,14.9,0,19,8.071,2568,169,11.6,43,10,1.5,200,17,1,9614,62,58,27,98
IR 254 x 13.4,17.09674,254,4.0,68,5.2,225,14,0,13.4,0,15,7.087,1623,128,9.7,28,8,1.3,151,13,1,4323,43,38,21,74
IR 253 x 11.9,15.290292,253,3.6,68,4.6,225,14,0,11.9,0,15,7.992,1440,114,9.7,25,7,1.3,134,12,1,3786,42,33,19,66
IR 254 x 11.2,14.322552,254,3.3,68,4.4,232,11,0,11.2,0,15,8.465,1374,108,9.8,23,7,1.3,127,11,1,3625,43,32,18,62
IR 203 x 9.7,12.387072,203,3.4,58,4.8,175,14,0,9.7,0,13,7.323,770,76,7.9,16,5,1.1,89,9,1,1541,29,20,13,44
IR 203 x 9.2,11.741912,203,3.3,58,4.5,181,11,0,9.2,0,14,7.803,733,72,7.9,15,5,1.1,84,8,1,1447,29,19,12,41
IR 152 x 6.5,8.322564,152,2.9,47,4.3,133,10,0,6.5,0,11,7.480,301,39,6.0,7,3,0.9,46,5,0,411,17,9,7,23
IR 150 x 5.5,7.032244,150,2.5,51,3.3,137,8,0,5.5,0,13,9.035,248,33,5.9,7,3,1.0,38,4,0,389,19,8,6,19
IR 127 x 28.1,35.80638,127,8.0,127,10.6,86,21,0,28.1,69.85,33,0.945,1003,158,5.3,327,51,3.0,180,82,14,11091,37,124,37,91
IR 97 x 11.9,11.2903,97,3.3,97,4.1,70,13,0,11.9,57.15,26,2.461,196,41,4.2,61,13,2.3,45,19,1,1308,22,22,9,21
IR 361 x 174.1,221.93504,361,20.4,378,20.4,286,38,27,174.1,139.7,102,0.469,50780,2819,15.1,18439,975,9.1,3179,1498,334,5343864,322,6202,623,1578
IR 356 x 151.8,193.548,356,17.9,376,17.9,286,35,25,151.8,139.7,101,0.528,43704,2458,15.0,15817,842,9.0,2769,1291,224,4511403,317,5328,541,1365
IR 351 x 132.4,168.38676,351,15.6,373,15.6,286,33,24,132.4,139.7,100,0.602,37627,2147,14.9,13569,726,9.0,2393,1109,149,3813209,313,4579,469,1178
IR 345 x 108.6,138.06424,345,12.8,371,12.8,286,30,22,108.6,139.7,99,0.728,30343,1753,14.8,10864,587,8.9,1934,895,84,3007602,308,3663,382,955
IR 334 x 148.8,189.67704,334,19.4,335,19.4,260,37,25,148.8,139.7,90,0.512,36878,2212,13.9,12237,729,8.0,2507,1124,260,3030964,0,0,0,0
IR 329 x 129.5,164.5158,329,16.9,333,16.9,260,35,24,129.5,139.7,89,0.587,31425,1917,13.8,10406,624,8.0,2147,959,171,2533099,0,0,0,0
IR 324 x 108.6,139.35456,324,14.4,330,14.4,260,32,24,108.6,139.7,88,0.685,26223,1619,13.7,8616,523,7.9,1803,800,106,2068532,0,0,0,0
IR 319 x 89.3,112.903,319,11.7,328,11.7,260,29,22,89.3,139.7,87,0.831,20936,1316,13.6,6868,418,7.8,1458,639,58,1613363,0,0,0,0
IR 312 x 125,158.70936,312,17.4,312,17.4,241,35,25,125.0,139.7,84,0.575,27055,1737,13.1,8866,567,7.5,1966,872,176,1922717,230,3122,379,967
IR 307 x 110.1,140.64488,307,15.4,310,15.5,241,33,24,110.1,139.7,83,0.642,23684,1537,13.0,7742,498,7.4,1721,764,124,1656866,227,2726,334,850
IR 302 x 93.8,118.70944,302,13.1,307,13.1,241,32,22,93.8,139.7,82,0.752,19646,1296,12.9,6368,415,7.3,1447,634,76,1339994,223,2252,280,710
IR 300 x 78.9,99.9998,300,11.0,305,11.0,241,29,22,78.9,139.7,81,0.886,16358,1093,12.8,5286,346,7.3,1213,528,47,1098312,221,1861,234,593
IR 254 x 84.8,108.38688,254,14.4,259,14.4,191,32,21,84.8,139.7,70,0.681,12237,964,10.6,4204,323,6.2,1090,497,82,601520,155,1448,211,537
IR 246 x 62.5,79.99984,246,10.5,257,10.7,191,29,19,62.5,139.7,68,0.902,8741,711,10.5,2984,233,6.1,791,357,34,413545,151,1028,154,388
IR 204 x 53.6,68.38696,204,11.3,207,11.3,146,29,16,53.6,139.7,55,0.870,4953,488,8.5,1677,162,5.0,551,249,32,155214,99,583,107,272
