TR 559 x 249.3,317,559,26,406,45,65,249,89906,2147,17,14,24974,1234,9,1544,116545,22,1
TR 554 x 215.8,277,554,22,401,40,60,216,76587,1819,17,13,21769,1083,9,1070,74922,22,1
TR 551 x 194.9,249,551,20,401,36,56,195,68678,1639,17,13,19272,964,9,783,54781,22,1
TR 546 x 171.1,218,546,18,401,31,51,171,59937,1452,17,13,16566,828,9,516,37326,22,1
TR 546 x 441.2,563,546,45,424,82,112,441,137773,3425,16,14,52445,2474,10,9199,628374,21,1
TR 533 x 374.3,477,533,39,417,70,100,374,113631,2868,15,14,42456,2048,9,5786,381321,21,1
TR 539 x 346.7,441,539,42,321,75,105,347,115296,3032,16,16,20978,1308,7,5786,365209,21,1
TR 523 x 320.7,409,523,34,411,60,90,321,95317,2425,15,13,35088,1704,9,3671,236580,21,1
TR 521 x 295.4,377,521,31,409,56,86,295,86160,2196,15,13,32091,1568,9,2939,181799,20,1
TR 528 x 291.7,372,528,36,315,64,94,292,94485,2507,16,15,16691,1064,7,3563,215366,21,1
TR 516 x 276.8,353,516,29,409,52,82,277,80333,2065,15,13,29552,1449,9,2414,150112,20,1
TR 516 x 269.4,344,516,28,406,51,81,269,77835,1999,15,12,28762,1414,9,2256,137222,20,1
TR 518 x 246.3,314,518,31,310,54,84,246,78252,2098,16,15,13403,867,7,2189,130240,21,1
TR 518 x 243.3,310,518,30,307,54,84,243,76587,2048,16,14,13319,864,7,2139,120573,21,1
TR 511 x 241.1,308,511,25,404,46,76,241,68678,1770,15,12,25348,1255,9,1648,97210,20,1
TR 509 x 238.8,303,509,25,404,45,75,239,67846,1753,15,12,24807,1227,9,1569,93988,20,1
TR 505 x 221,282,505,24,401,42,72,221,62435,1621,15,12,22726,1131,9,1270,74922,20,1
TR 511 x 206.9,264,511,26,305,46,76,207,64100,1737,16,14,10822,713,6,1340,74653,20,1
TR 503 x 206.1,263,503,21,401,40,70,206,56607,1452,15,11,21727,1080,9,1070,58541,20,1
TR 508 x 196.4,250,508,24,302,44,74,196,60354,1626,16,14,10239,677,6,1161,62569,20,1
TR 500 x 185.3,237,500,19,401,36,66,185,50364,1301,15,11,19272,964,9,791,42429,20,1
TR 503 x 174.9,223,503,21,302,40,70,175,52445,1404,15,13,9240,611,6,857,41892,20,1
TR 495 x 160,205,495,17,401,31,61,160,42872,1114,15,11,16566,828,9,516,27122,19,1
TR 500 x 157,200,500,19,300,36,66,157,46618,1257,15,13,8117,541,6,633,30345,20,1
TR 490 x 148.1,188,490,17,401,27,57,148,41124,1090,15,11,14443,723,9,380,22423,20,1
TR 495 x 136.2,174,495,17,300,31,61,136,39875,1078,15,13,6993,467,6,416,19361,20,1
TR 485 x 129.5,165,485,17,400,21,51,129,37752,1045,15,12,11280,564,8,233,17535,21,1
TR 490 x 124.3,159,490,17,300,26,56,124,37419,1044,15,13,5869,392,6,291,16891,20,1
TR 485 x 110.9,141,485,16,300,21,51,111,33923,978,15,14,4745,318,6,194,13937,21,1
TR 539 x 631,806,539,64,461,115,144,631,176898,4539,15,15,94485,4113,11,25890,1847527,21,1
TR 533 x 593.8,755,533,60,457,109,133,594,163579,4211,15,15,87409,3835,11,21769,1530654,20,1
TR 513 x 483.7,616,513,50,447,90,114,484,126118,3327,14,13,67013,2999,10,12237,808293,20,1
TR 498 x 392.1,499,498,41,437,74,98,392,97398,2606,14,12,51613,2376,10,6785,421601,19,1
TR 485 x 326.7,416,485,35,432,62,86,327,78668,2130,14,12,41457,1917,10,4008,240071,19,1
TR 480 x 292.4,373,480,31,427,56,80,292,69094,1885,14,11,36503,1704,10,2934,171057,19,1
TR 475 x 267.1,340,475,28,424,51,75,267,62435,1704,14,11,32716,1540,10,2248,128897,19,1
TR 470 x 244.1,311,470,26,422,47,71,244,56191,1542,13,11,29594,1401,10,1744,97479,19,1
TR 467 x 223.2,285,467,24,424,43,67,223,51196,1411,13,10,26972,1275,10,1332,74653,19,1
TR 465 x 208.3,266,465,22,422,40,64,208,47450,1311,13,10,24932,1183,10,1091,60689,18,1
TR 460 x 193.5,246,460,21,422,37,61,193,44121,1231,13,10,22685,1078,10,862,48605,19,1
TR 475 x 190.5,243,475,24,310,44,63,190,50364,1432,14,12,10989,708,7,1099,55050,19,1
TR 457 x 182.3,232,457,20,419,34,58,182,41415,1163,13,10,21103,1006,10,720,40549,18,1
TR 472 x 172.6,220,472,22,307,40,59,173,44953,1286,14,12,9740,633,7,820,40549,19,1
TR 457 x 171.1,218,457,19,419,32,56,171,38876,1098,13,10,19563,934,9,595,33567,18,1
TR 465 x 156.3,199,465,21,310,35,54,156,40999,1198,14,12,8574,554,7,579,31956,19,1
TR 462 x 144.4,184,462,19,307,32,51,144,37502,1098,14,12,7784,506,7,462,24893,19,1
TR 462 x 135.4,173,462,18,307,30,49,135,35172,1034,14,12,7242,472,6,383,20838,19,1
TR 460 x 126.5,161,460,17,305,28,47,126,32716,965,14,12,6660,436,6,313,16971,19,1
TR 457 x 119.1,152,457,17,305,26,45,119,30801,914,14,12,6119,403,6,257,14394,19,1
TR 455 x 111.6,143,455,16,305,24,43,112,29053,870,14,12,5619,369,6,210,12353,19,1
TR 452 x 100.5,128,452,15,305,20,39,100,26514,814,14,13,4703,310,6,145,10016,19,1
TR 457 x 288,368,457,32,411,58,78,288,60770,1753,13,11,33715,1639,10,3076,165150,18,1
TR 452 x 263.4,336,452,29,409,53,73,263,54943,1586,13,11,30343,1485,9,2377,125675,18,1
TR 447 x 236.6,302,447,26,406,48,68,237,48283,1406,13,10,26847,1322,9,1752,89960,18,1
TR 442 x 216.5,276,442,24,404,44,64,217,44121,1283,13,10,24183,1198,9,1353,68745,18,1
TR 439 x 195.7,250,439,22,401,40,60,196,39251,1150,13,10,21519,1073,9,1011,50485,17,1
TR 434 x 179.3,229,434,21,404,36,56,179,36295,1078,13,10,19396,964,9,749,39206,18,1
TR 432 x 164.4,210,432,20,401,32,52,164,33257,996,13,10,17482,872,9,579,30345,18,1
TR 427 x 149.6,191,427,18,399,29,49,150,30177,909,13,10,15609,780,9,433,22799,17,1
TR 429 x 125.7,160,429,17,292,31,49,126,27013,837,13,11,6452,442,6,367,14877,17,1
TR 424 x 113.1,145,424,16,295,27,45,113,24641,777,13,11,5661,387,6,256,11547,17,1
TR 424 x 104.9,134,424,15,292,24,42,105,22976,733,13,11,5120,349,6,201,9506,17,1
TR 419 x 96.7,124,419,15,292,22,40,97,21353,690,13,11,4537,310,6,153,7868,18,1
TR 417 x 87.8,112,417,14,292,19,37,88,19521,642,13,11,3892,267,6,110,6284,18,1
TR 434 x 354.9,452,434,41,403,75,95,355,64516,1983,12,11,41082,2032,10,6285,314187,17,1
TR 422 x 290.9,372,422,35,396,62,82,291,50780,1588,12,10,32216,1626,9,3592,170789,17,1
TR 417 x 265.6,339,417,31,394,57,77,266,45369,1429,12,10,28845,1468,9,2772,128360,16,1
TR 411 x 242.6,309,411,29,391,52,72,243,40832,1291,11,10,25890,1327,9,2131,96941,16,1
TR 406 x 217.3,277,406,26,389,47,67,217,35838,1141,11,9,22851,1178,9,1561,69014,16,1
TR 401 x 194.2,248,401,24,386,42,62,194,31842,1023,11,9,19979,1037,9,1120,49411,16,1
TR 399 x 174.9,223,399,21,384,38,58,175,28054,903,11,9,17773,931,9,837,35715,16,1
TR 394 x 157,201,394,20,384,34,53,157,25390,828,11,9,15734,821,9,587,25887,16,1
TR 389 x 142.1,181,389,18,381,30,50,142,22851,749,11,8,13985,733,9,437,19120,16,1
TR 386 x 128.7,165,386,17,381,27,47,129,20687,683,11,8,12445,654,9,324,14232,16,1
TR 389 x 110.1,140,389,17,267,30,46,110,19396,665,12,10,4745,356,6,301,10097,16,1
TR 386 x 98.2,125,386,16,267,25,42,98,17523,613,12,10,4079,305,6,202,7653,16,1
TR 384 x 92.3,117,384,15,267,24,40,92,16483,578,12,10,3763,282,6,166,6418,16,1
TR 381 x 86.3,110,381,14,267,22,38,86,15525,552,12,10,3417,256,6,134,5505,16,1
TR 378 x 80.4,103,378,14,267,19,36,80,14526,524,12,10,3038,228,5,104,4646,16,1
TR 376 x 73.7,94,376,13,267,17,34,74,13403,492,12,10,2660,200,5,78,3840,16,1
TR 376 x 67,85,376,12,264,15,32,67,12071,444,12,10,2385,180,5,59,2820,16,1
TR 414 x 401.1,512,414,50,389,90,110,401,63683,2098,11,11,44121,2261,9,10281,467252,16,1
TR 399 x 333.3,423,399,42,379,76,94,333,49532,1671,11,10,34797,1835,9,6077,262360,16,1
TR 386 x 273.8,350,386,35,373,63,83,274,39084,1339,11,9,27263,1463,9,3517,142861,15,1
TR 381 x 250,319,381,32,371,58,78,250,34922,1203,10,9,24433,1324,9,2722,107683,15,1
TR 376 x 228.4,292,376,29,366,53,73,228,31342,1088,10,9,21935,1195,9,2102,81635,15,1
TR 371 x 209.1,267,371,27,366,49,69,209,28179,982,10,9,19854,1088,9,1648,62300,15,1
TR 368 x 192,245,368,25,363,45,65,192,25515,896,10,8,17898,987,9,1278,47799,15,1
TR 363 x 174.9,224,363,23,361,41,61,175,23142,819,10,8,15983,888,8,974,36252,15,1
TR 361 x 161.5,206,361,21,358,38,58,161,20895,741,10,8,14651,818,8,783,28196,14,1
TR 358 x 144.4,185,358,19,356,34,54,144,18481,660,10,8,12862,723,8,562,19952,14,1
TR 353 x 132.4,169,353,18,358,30,50,132,17232,626,10,8,11571,646,8,416,15495,14,1
TR 351 x 119.8,154,351,17,356,27,47,120,15484,564,10,8,10323,580,8,313,11466,14,1
TR 348 x 108.6,139,348,15,356,25,45,109,13985,511,10,7,9240,519,8,234,8513,14,1
TR 351 x 96,122,351,15,254,28,43,96,13444,508,10,9,3838,302,6,231,6445,14,1
TR 345 x 84.8,108,345,14,257,24,39,85,12029,464,11,9,3301,259,6,152,4699,14,1
TR 343 x 75.9,97,343,13,254,21,36,76,10739,415,11,9,2897,228,5,109,3384,14,1
TR 343 x 69.9,89,343,12,254,19,34,70,9948,390,11,9,2581,203,5,84,2739,14,1
TR 340 x 62.5,80,340,12,253,16,31,63,8991,359,11,9,2198,174,5,58,2092,14,1
TR 356 x 275.3,351,356,39,348,69,82,275,32424,1224,10,9,24183,1395,8,4162,148500,14,1
TR 377 x 366.1,465,377,50,359,90,110,366,47034,1721,10,10,34839,1950,9,9282,359838,15,1
TR 362 x 303.6,384,362,42,351,76,95,304,36379,1362,10,9,27430,1565,8,5536,200865,14,1
TR 351 x 249.3,317,351,35,343,63,76,249,28553,1086,9,9,21353,1244,8,3147,108757,14,1
TR 345 x 227.7,290,345,32,340,58,71,228,25432,973,9,8,19147,1124,8,2431,81903,14,1
TR 340 x 207.6,265,340,29,338,53,66,208,22726,878,9,8,17149,1014,8,1877,61763,13,1
TR 335 x 186,237,335,26,335,48,61,186,19896,773,9,8,15068,900,8,1382,44308,13,1
TR 330 x 170.4,217,330,24,333,44,57,170,17940,703,9,8,13569,814,8,1061,33567,13,1
TR 328 x 154,196,328,22,330,40,53,154,15900,628,9,7,12029,728,8,795,24517,13,1
TR 323 x 142.9,181,323,21,330,37,50,143,14568,577,9,7,11030,670,8,637,19469,13,1
TR 320 x 131,166,320,19,328,34,47,131,13278,528,9,7,9990,610,8,495,14984,13,1
TR 318 x 120.5,154,318,18,330,31,44,121,12196,490,9,7,9199,560,8,384,11762,13,1
TR 315 x 108.6,139,315,17,328,28,40,109,10989,446,9,7,8117,497,8,279,8566,13,1
TR 310 x 97.5,125,310,15,328,24,37,97,9906,406,9,7,7076,434,8,197,6203,13,1
TR 307 x 87.1,111,307,14,325,22,34,87,8824,365,9,7,6202,380,7,139,4404,13,1
TR 305 x 77.4,99,305,13,325,19,32,77,7867,328,9,7,5411,333,7,98,3115,13,1
TR 312 x 76.6,97,312,14,229,25,38,77,8491,361,9,8,2485,218,5,147,3303,12,1
TR 310 x 69.9,89,310,13,230,22,35,70,7742,333,9,8,2268,197,5,109,2570,12,1
TR 307 x 62.5,80,307,12,229,20,32,63,6909,300,9,8,1965,172,5,77,1853,12,1
TR 305 x 56.6,72,305,11,228,17,30,57,6285,277,9,8,1719,150,5,56,1423,12,1
TR 302 x 50.6,65,302,11,228,15,28,51,5702,256,9,8,1465,129,5,39,1096,13,1
TR 302 x 46.1,59,302,11,179,15,30,46,5494,256,10,9,716,80,3,37,1053,13,1
TR 300 x 40.9,53,300,10,178,13,28,41,4870,231,10,9,604,68,3,26,787,13,1
TR 292 x 149.6,191,292,23,320,41,54,150,11863,523,8,7,11280,706,8,849,22933,12,1
TR 290 x 135.4,173,290,21,318,38,50,135,10531,467,8,6,10031,633,8,637,16918,12,1
TR 284 x 123.5,157,284,19,315,35,47,124,9407,418,8,6,9032,574,8,491,12702,12,1
TR 279 x 109.4,139,279,18,318,29,42,109,8491,388,8,6,7825,492,7,320,8727,12,1
TR 277 x 98.2,125,277,17,315,26,39,98,7534,346,8,6,6909,438,7,234,6284,12,1
TR 274 x 90.8,115,274,15,315,24,37,91,6909,316,8,6,6327,403,7,186,4941,12,1
TR 274 x 82.6,105,274,14,312,22,35,83,6243,287,8,6,5702,364,7,142,3706,12,1
TR 272 x 75.2,96,272,13,312,20,33,75,5619,259,8,6,5161,331,7,108,2793,12,1
TR 274 x 69.2,88,274,15,214,24,36,69,5994,293,8,7,1931,180,5,125,2505,11,1
TR 272 x 61.8,79,272,13,212,21,34,62,5286,257,8,7,1694,160,5,90,1745,11,1
TR 269 x 54.3,69,269,12,211,19,31,54,4579,226,8,7,1469,139,5,63,1187,11,1
TR 269 x 50.6,65,269,11,210,17,30,51,4287,211,8,7,1349,128,5,51,972,11,1
TR 267 x 46.1,59,267,10,209,16,28,46,3904,195,8,7,1195,114,4,38,747,11,1
TR 267 x 42.4,54,267,10,167,17,29,42,3763,193,8,7,637,77,3,37,671,11,1
TR 264 x 40.9,52,264,10,209,13,26,41,3513,179,8,7,1007,97,4,26,559,11,1
TR 264 x 37.2,47,264,10,166,14,26,37,3342,175,8,7,520,63,3,24,508,11,1
TR 262 x 35.7,46,262,9,207,11,24,36,3118,162,8,7,807,78,4,17,408,11,1
TR 262 x 32.7,42,262,9,165,11,24,33,2959,159,8,8,429,52,3,16,376,11,1
TR 283 x 231.4,295,283,39,305,70,87,231,15942,762,7,7,16566,1085,7,3630,91034,11,1
TR 277 x 210.6,268,277,36,302,64,81,211,14027,680,7,7,14651,970,7,2768,67403,11,1
TR 273 x 192,245,273,33,299,58,76,192,12404,606,7,7,13070,875,7,2144,50753,11,1
TR 267 x 174.1,222,267,29,296,54,70,174,10822,534,7,6,11613,785,7,1640,37595,11,1
TR 263 x 157,201,263,27,293,49,65,157,9532,475,7,6,10239,700,7,1224,27391,11,1
TR 258 x 142.9,182,258,24,291,44,62,143,8408,423,7,6,9157,629,7,932,20328,11,1
TR 254 x 130.2,166,254,23,290,40,51,130,7534,383,7,6,8158,564,7,699,15172,10,1
TR 250 x 117.6,150,250,21,287,37,47,118,6660,341,7,6,7242,503,7,520,11064,10,1
TR 247 x 106.4,135,247,19,284,34,44,106,5910,303,7,5,6493,454,7,399,8244,10,1
TR 245 x 96.7,123,245,17,284,30,41,97,5286,274,7,5,5786,408,7,301,6123,10,1
TR 241 x 88.5,113,241,17,287,27,37,89,4953,261,7,5,5245,369,7,221,4673,10,1
TR 238 x 78.9,101,238,15,284,24,34,79,4329,231,7,5,4579,323,7,155,3249,10,1
TR 236 x 72.2,92,236,14,282,22,32,72,3904,208,7,5,4162,295,7,122,2495,10,1
TR 234 x 64,82,234,12,282,20,30,64,3430,184,6,5,3646,259,7,85,1724,10,1
TR 231 x 56.6,72,231,11,279,17,27,57,2989,161,6,5,3172,226,7,59,1174,10,1
TR 234 x 52.8,67,234,13,194,21,31,53,3255,184,7,6,1253,129,4,72,1063,9,1
TR 233 x 48.4,62,233,11,193,19,29,48,2943,166,7,6,1140,118,4,57,808,9,1
TR 232 x 44.6,57,232,11,192,18,28,45,2693,152,7,5,1041,109,4,45,631,9,1
TR 230 x 40.9,52,230,10,191,16,26,41,2477,141,7,5,937,98,4,35,494,9,1
TR 228 x 37.2,47,228,9,191,14,25,37,2227,128,7,5,832,88,4,26,365,9,1
TR 229 x 34.2,44,229,9,154,15,26,34,2169,127,7,6,470,61,3,25,322,9,1
TR 227 x 29.8,38,227,8,153,13,24,30,1865,110,7,6,398,52,3,17,212,9,1
TR 225 x 26,33,225,8,152,11,21,26,1669,102,7,6,319,42,3,10,161,9,1
TR 215 x 74.4,96,215,15,264,25,43,74,3197,187,6,4,3875,293,6,170,2793,9,1
TR 213 x 66.2,85,213,13,264,22,40,66,2801,166,6,4,3384,257,6,121,1931,9,1
TR 210 x 57.3,74,210,12,262,19,37,57,2373,141,6,4,2880,220,6,80,1238,9,1
TR 207 x 49.9,64,207,10,259,17,35,50,2027,121,6,4,2477,190,6,55,808,9,1
TR 209 x 42.4,54,209,11,181,18,28,42,2027,127,6,5,899,99,4,46,534,8,1
TR 207 x 37.2,48,207,10,180,16,26,37,1761,111,6,5,774,86,4,32,360,8,1
TR 205 x 33.5,43,205,9,179,14,25,33,1573,100,6,5,683,77,4,23,262,8,1
TR 203 x 29.8,38,203,8,178,13,23,30,1378,88,6,5,599,68,4,16,181,8,1
TR 201 x 26.8,34,201,7,178,11,21,27,1274,83,6,5,508,57,4,11,139,8,1
TR 202 x 23.1,29,202,7,140,11,21,23,1145,76,6,5,258,37,3,10,98,8,1
TR 199 x 19.3,25,199,6,140,9,19,19,978,67,6,5,199,29,3,5,65,8,1
TR 290 x 601.2,768,290,95,472,130,145,601,37502,1917,7,9,114880,4867,12,37336,1871695,14,1
TR 284 x 543.2,690,284,78,455,125,140,543,30760,1563,7,9,98231,4326,12,29719,1409813,14,1
TR 274 x 494.8,631,274,72,450,115,130,495,25890,1345,6,8,86576,3867,12,23101,1052661,14,1
TR 267 x 450.2,574,267,66,442,106,121,450,21811,1157,6,8,76587,3458,12,17898,786810,13,1
TR 257 x 409.2,522,257,60,437,97,112,409,18397,998,6,7,67846,3097,11,13777,585408,13,1
TR 249 x 372,474,249,56,432,89,104,372,15609,864,6,7,59937,2769,11,10572,435028,13,1
TR 242 x 338.6,432,242,51,427,82,97,339,13361,752,6,6,53278,2491,11,8158,324928,13,1
TR 237 x 317,404,237,48,424,77,92,317,11946,678,5,6,49115,2311,11,6826,266119,12,1
TR 232 x 296.1,377,232,45,422,72,87,296,10697,616,5,6,45369,2147,11,5619,215097,12,1
TR 228 x 275.3,351,228,42,419,68,83,275,9532,556,5,6,41373,1983,11,4579,171863,12,1
TR 223 x 254.5,325,223,39,417,63,78,254,8449,498,5,5,37586,1803,11,3675,134805,12,1
TR 217 x 231.4,295,217,36,411,57,73,231,7326,438,5,5,33590,1629,11,2810,100701,12,1
TR 213 x 210.6,268,213,33,409,53,68,211,6368,385,5,5,30052,1470,11,2156,75459,12,1
TR 208 x 191.2,244,208,30,406,48,63,191,5536,339,5,4,26847,1322,10,1636,56124,12,1
TR 204 x 173.4,221,204,27,404,44,59,173,4828,298,5,4,23975,1188,10,1232,41355,12,1
TR 200 x 157,200,200,25,401,40,55,157,4246,265,5,4,21353,1065,10,924,30345,11,1
TR 197 x 143.6,183,197,23,399,37,52,144,3738,236,5,4,19396,972,10,720,23416,11,1
TR 193 x 131,167,193,21,399,33,49,131,3351,213,4,4,17440,877,10,549,17509,11,1
TR 190 x 118.3,151,190,19,396,30,45,118,2922,187,4,3,15567,788,10,410,12863,11,1
TR 188 x 107.9,137,188,17,394,28,43,108,2601,167,4,3,14069,716,10,315,9748,11,1
TR 186 x 98.2,125,186,16,373,26,41,98,2406,157,4,3,11405,610,10,255,7143,11,1
TR 184 x 89.3,114,184,15,373,24,39,89,2152,141,4,3,10281,552,9,194,5371,11,1
TR 182 x 81.1,103,182,13,371,22,37,81,1886,124,4,3,9282,501,9,148,4028,11,1
TR 180 x 73.7,94,180,12,371,20,35,74,1702,113,4,3,8366,452,9,112,2981,11,1
TR 178 x 67,85,178,11,368,18,33,67,1519,101,4,3,7534,410,9,84,2232,10,1
TR 182 x 61,77,182,13,257,22,37,61,1715,117,5,4,3084,239,6,105,1512,8,1
TR 180 x 55.1,70,180,11,257,20,35,55,1498,102,5,3,2785,218,6,80,1125,8,1
TR 178 x 50.6,64,178,11,254,18,33,51,1357,93,5,3,2527,198,6,62,862,8,1
TR 177 x 45.4,58,177,10,254,16,31,45,1203,83,5,3,2235,175,6,45,615,8,1
TR 177 x 39.4,50,177,9,205,17,32,39,1149,81,5,4,1199,117,5,40,392,7,1
TR 175 x 35.7,46,175,9,204,15,30,36,1036,74,5,3,1070,105,5,30,287,7,1
TR 173 x 32,41,173,8,203,13,28,32,912,65,5,3,941,93,5,22,202,7,1
TR 179 x 28.3,36,179,8,172,13,23,28,970,69,5,4,554,65,4,17,149,7,1
TR 178 x 25.3,32,178,7,171,12,22,25,870,63,5,4,483,57,4,12,107,7,1
TR 176 x 22.3,29,176,7,171,10,20,22,791,58,5,4,407,48,4,8,77,7,1
TR 177 x 19.3,25,177,6,128,11,21,19,720,54,5,4,185,29,3,7,56,7,1
TR 174 x 16.4,21,174,6,127,9,19,16,616,48,5,4,146,23,3,4,36,7,1
TR 214 x 250,319,214,45,340,75,90,250,7908,511,5,6,24683,1452,9,4995,129166,10,1
TR 207 x 226.9,289,207,41,335,69,84,227,6743,442,5,5,21852,1299,9,3829,95599,10,1
TR 201 x 207.6,265,201,39,333,63,78,208,5869,395,5,5,19521,1168,9,2951,71699,10,1
TR 196 x 187.5,239,196,36,330,57,72,188,5036,342,5,5,17232,1042,8,2227,52364,10,1
TR 191 x 171.1,219,191,33,328,53,68,171,4412,303,4,5,15442,942,8,1732,39743,10,1
TR 187 x 156.3,199,187,30,325,48,64,156,3833,269,4,4,13819,850,8,1336,30076,10,1
TR 183 x 141.4,180,183,27,323,44,59,141,3288,233,4,4,12279,762,8,1011,22047,9,1
TR 178 x 126.5,161,178,24,320,40,55,126,2822,202,4,4,10780,675,8,737,15656,9,1
TR 174 x 113.1,145,174,22,318,36,51,113,2435,177,4,4,9448,596,8,533,11091,9,1
TR 170 x 101.2,129,170,20,315,32,47,101,2106,155,4,3,8283,526,8,383,7761,9,1
TR 167 x 89.3,114,167,18,312,28,43,89,1806,135,4,3,7159,459,8,267,5290,9,1
TR 164 x 78.9,101,164,15,310,25,40,79,1511,113,4,3,6285,405,8,189,3652,9,1
TR 162 x 71.4,91,162,14,310,23,38,71,1332,100,4,3,5619,364,8,142,2712,9,1
TR 159 x 64.7,83,159,13,307,21,36,65,1203,92,4,3,4995,326,8,106,1971,9,1
TR 157 x 58.8,75,157,12,307,19,34,59,1074,82,4,3,4495,293,8,80,1458,9,1
TR 156 x 53.6,68,156,11,305,17,32,54,966,74,4,3,4058,265,8,61,1093,9,1
TR 154 x 48.4,62,154,10,305,15,30,48,857,67,4,3,3630,238,8,45,798,9,1
TR 155 x 43.2,55,155,9,254,16,31,43,795,62,4,3,2227,175,6,44,559,8,1
TR 153 x 39.4,50,153,9,254,15,30,39,737,58,4,3,1994,157,6,33,411,8,1
TR 155 x 37.2,47,155,9,205,16,29,37,778,62,4,3,1174,114,5,36,330,7,1
TR 153 x 33.5,42,153,9,204,15,27,33,691,56,4,3,1041,102,5,26,238,7,1
TR 152 x 29.8,38,152,7,203,13,26,30,599,48,4,3,916,90,5,19,166,7,1
TR 159 x 26,33,159,8,167,13,21,26,666,53,4,3,508,61,4,15,117,7,1
TR 157 x 22.3,28,157,7,166,11,19,22,562,45,4,3,425,51,4,9,72,6,1
TR 155 x 19.3,25,155,6,165,10,17,19,487,39,4,3,360,44,4,6,47,6,1
TR 156 x 16.4,21,156,7,102,11,18,16,487,42,5,4,97,19,2,6,37,6,1
TR 154 x 14.1,18,154,6,102,9,17,14,420,37,5,4,78,15,2,4,25,6,1
TR 152 x 11.9,15,152,6,101,7,14,12,362,33,5,4,59,12,2,2,18,7,1
TR 151 x 10.4,13,151,5,101,6,13,10,319,30,5,4,49,10,2,1,13,7,1
TR 144 x 83.3,106,144,19,264,32,44,83,1190,105,3,3,4912,370,7,312,4538,8,1
TR 141 x 74.4,95,141,17,262,28,41,74,1020,91,3,3,4287,328,7,225,3196,8,1
TR 138 x 65.5,83,138,15,262,25,38,65,866,78,3,3,3717,285,7,156,2154,8,1
TR 135 x 57.3,73,135,13,259,22,35,57,724,66,3,3,3197,247,7,106,1426,7,1
TR 132 x 50.6,64,132,12,257,20,32,51,620,57,3,2,2776,216,7,74,972,7,1
TR 130 x 44.6,57,130,11,257,17,30,45,537,50,3,2,2418,188,7,51,661,7,1
TR 128 x 40.2,51,128,9,254,16,28,40,462,43,3,2,2152,169,7,38,478,7,1
TR 127 x 36.5,47,127,9,254,14,27,36,416,39,3,2,1944,153,6,29,357,7,1
TR 128 x 33.5,43,128,9,204,16,28,33,425,40,3,2,1111,109,5,31,263,6,1
TR 126 x 29,37,126,8,203,13,26,29,368,35,3,2,937,92,5,20,165,6,1
TR 124 x 24.6,31,124,7,202,11,24,25,321,32,3,2,762,75,5,12,96,6,1
TR 133 x 22.3,29,133,8,148,13,21,22,386,37,4,3,348,47,3,13,73,6,1
TR 131 x 19.3,25,131,7,147,11,19,19,327,31,4,3,293,40,3,8,46,5,1
TR 129 x 16.4,21,129,6,146,9,17,16,286,28,4,3,238,33,3,5,29,5,1
TR 130 x 14.1,18,130,6,102,10,18,14,278,29,4,3,89,18,2,5,21,5,1
TR 128 x 12.6,16,128,6,102,8,16,13,252,27,4,3,74,15,2,3,16,5,1
TR 127 x 11.2,14,127,6,102,7,14,11,227,25,4,3,60,12,2,2,13,5,1
TR 125 x 8.9,11,125,5,101,5,13,9,181,20,4,3,45,9,2,1,7,5,1
TR 114 x 49.9,63,114,14,210,24,34,50,454,50,3,2,1844,175,5,104,956,6,1
TR 111 x 43.2,55,111,13,209,21,30,43,380,43,3,2,1561,150,5,69,612,6,1
TR 108 x 35.7,45,108,10,206,17,27,36,285,32,3,2,1270,123,5,41,349,6,1
TR 105 x 29.8,38,105,9,205,14,24,30,239,28,3,2,1020,100,5,23,192,6,1
TR 103 x 26,33,103,8,204,13,23,26,201,23,2,2,887,87,5,16,129,6,1
TR 102 x 23.1,29,102,7,203,11,21,23,178,21,2,2,770,76,5,11,88,6,1
TR 102 x 20.8,27,102,7,166,12,22,21,176,21,3,2,450,54,4,11,62,5,1
TR 101 x 17.9,23,101,6,165,10,20,18,147,18,3,2,380,46,4,7,39,5,1
TR 105 x 15.6,20,105,6,134,10,18,16,162,19,3,2,203,30,3,6,25,5,1
TR 103 x 13.4,17,103,6,133,8,16,13,142,17,3,2,166,25,3,4,15,5,1
TR 103 x 11.2,14,103,6,102,8,16,11,137,18,3,3,71,14,2,3,10,4,1
TR 102 x 9.7,12,102,6,102,6,14,10,120,16,3,3,57,11,2,2,7,4,1
TR 100 x 7.4,10,100,4,100,5,13,7,89,12,3,2,44,9,2,1,3,4,1
TR 81 x 18.6,24,81,8,154,12,19,19,95,15,2,2,355,46,4,10,46,4,1
TR 79 x 14.9,19,79,7,153,9,17,15,73,11,2,1,276,36,4,5,23,4,1
TR 80 x 11.9,15,80,7,102,10,17,12,70,11,2,2,92,18,2,5,11,3,1
TR 76 x 11.2,14,76,6,152,7,14,11,59,9,2,1,194,26,4,2,9,4,1
TR 77 x 8.9,11,77,6,102,7,13,9,55,9,2,2,62,12,2,2,5,3,1
TR 75 x 6.7,9,75,4,100,5,12,7,40,7,2,2,46,9,2,1,2,3,1
TR 74 x 6.3,8,74,4,100,5,11,6,38,7,2,2,41,8,2,1,2,3,1
TR 66 x 14.1,18,66,7,128,11,19,14,42,8,2,1,190,30,3,7,21,4,1
TR 64 x 11.9,15,64,6,127,9,17,12,35,7,2,1,156,25,3,4,12,4,1
TR 53 x 9.7,12,53,7,103,9,15,10,22,5,1,1,80,16,3,3,6,3,1
TR 312 x 90,115,312,20,204,28,51,90,10780,493,10,9,1727,169,4,266,7385,13,1
TR 312 x 78.9,101,312,16,200,28,51,79,8991,395,9,8,1598,160,4,210,4028,12,1
TR 305 x 74.4,95,305,19,184,22,44,74,8949,431,10,10,986,107,3,157,5236,13,1
TR 305 x 67,85,305,16,181,22,44,67,7908,370,10,9,928,103,3,125,3249,13,1
TR 305 x 59.5,75,305,13,178,22,44,60,6743,305,9,8,874,98,3,102,1864,12,1
TR 259 x 71.4,91,259,20,183,23,44,71,5952,333,8,8,1041,114,3,173,4028,11,1
TR 259 x 64,82,259,17,179,23,44,64,5161,282,8,7,970,108,3,137,2462,11,1
TR 254 x 55.8,71,254,16,162,20,41,56,4537,259,8,8,616,76,3,95,1936,11,1
TR 254 x 49.1,63,254,13,159,20,41,49,3867,211,8,7,570,72,3,74,1080,10,1
TR 229 x 52.1,66,229,18,159,18,38,52,3517,229,7,7,499,63,3,84,1888,10,1
TR 229 x 40.7,52,229,12,152,18,38,41,2593,157,7,6,433,57,3,48,607,9,1
TR 191 x 37.2,47,191,14,143,16,35,37,1686,127,6,6,324,45,3,44,542,8,1
TR 191 x 31.9,41,191,10,140,16,35,32,1369,98,6,5,297,42,3,32,267,8,1
TR 152 x 37.2,47,152,17,139,17,37,37,1045,99,5,5,324,47,3,57,529,7,1
TR 152 x 30.4,38,152,12,133,17,37,30,787,70,5,4,281,42,3,35,211,6,1
TR 152 x 26,33,152,11,129,14,30,26,716,65,5,4,205,32,2,22,149,6,1
TR 152 x 23.7,30,152,9,127,14,30,24,616,54,5,4,194,31,3,18,98,6,1
TR 127 x 26,33,127,15,125,12,29,26,520,59,4,4,173,28,2,26,195,6,1
TR 127 x 18.9,24,127,8,118,12,29,19,324,34,4,3,140,24,2,12,46,5,1
TR 102 x 17.1,22,102,11,106,11,25,17,208,29,3,3,89,17,2,11,45,4,1
TR 102 x 13.7,17,102,7,102,11,25,14,145,19,3,2,77,15,2,7,17,4,1
TR 76 x 12.8,16,76,12,91,9,21,13,88,17,2,2,47,11,2,8,21,3,1
TR 76 x 9.3,12,76,6,85,9,21,9,52,9,2,2,38,9,2,3,5,3,1
TR 89 x 14.9,19,89,11,98,10,24,15,140,22,3,3,66,13,2,9,31,4,1
TR 89 x 11.4,15,89,6,93,10,24,11,91,13,3,2,55,12,2,5,10,4,1
TR 64 x 11,14,64,13,83,8,21,11,53,12,2,2,35,8,2,6,14,3,1
TR 64 x 7.4,9,64,5,76,8,19,7,28,6,2,1,25,7,2,2,3,3,1
TR 51 x 7.1,9,51,8,71,7,19,7,19,5,1,1,18,5,1,2,3,2,1
TR 51 x 5.7,7,51,5,68,7,19,6,13,3,1,1,16,5,1,2,1,2,1
TR 38 x 5.6,7,38,9,64,7,16,6,8,3,1,1,12,4,1,2,1,2,1
TR 38 x 4.2,5,38,4,59,7,16,4,5,2,1,1,9,3,1,1,1,2,1
TR 178 x 13.4,16,178,5,102,7,16,13,545,44,6,5,55,11,2,2,26,8,1
TR 152 x 8.8,11,152,4,78,6,14,9,275,26,5,5,23,6,1,1,9,7,1
TR 152 x 8,10,152,4,78,5,14,8,251,24,5,5,21,5,1,1,7,7,1
TR 152 x 7.4,9,152,4,83,5,13,7,234,22,5,5,22,5,2,1,5,7,1
TR 127 x 6.7,9,127,4,68,5,14,7,144,16,4,4,14,4,1,1,4,6,1
TR 126 x 6,8,126,4,68,5,14,6,128,15,4,4,12,4,1,0,3,6,1
TR 127 x 5.6,7,127,3,68,4,11,6,121,14,4,4,12,3,1,0,2,6,1
TR 102 x 4.8,6,102,3,58,5,14,5,65,9,3,3,8,3,1,0,1,4,1
TR 102 x 4.6,6,102,3,58,4,11,5,62,9,3,3,7,3,1,0,1,4,1
TR 76 x 14.9,19,76,6,151,10,22,15,64,10,2,1,241,32,4,6,24,4,1
TR 76 x 3.3,4,76,3,47,4,10,3,24,4,2,2,4,2,1,0,0,3,1
TR 75 x 2.8,3,75,2,51,3,8,3,20,4,2,2,4,1,1,0,0,3,1
TR 64 x 14.1,18,64,8,127,11,21,14,44,9,2,1,164,26,3,7,20,3,1
TR 51 x 9.7,12,51,6,100,9,21,10,18,4,1,1,70,14,2,4,7,3,1
TR 48 x 4.5,6,48,3,97,4,13,4,9,2,1,1,30,6,2,0,1,3,1
